name,short_description,description,categories,images
Amiton,,"Principal ingredients :\n\nEach 5 ml contains\nTrachyspermum ammi   9.26 gm\nand other ingredients\n\nRef. : Bangladesh National Ayurvedic Formulary.\nIndication : Loss of Appetite, Dyspepsia and Indigestion remedy\n\nDosage :\n\nAdult : 10 - 20 ml medicine with water twice or thrice daily after meal. Children : 5 - 10 ml medicine with water twice or thrice daily after meal or as directed by the physician.\n\nShake the bottle well before each use. Keep in a cool, dry place and away from the reach of children.\n\nমূল উপাদান :\nপ্রতি ৫ মি.লি. এ আছে\nযমানী (জৈন) ৯.২৬ গ্রাম\nএবং অন্যান্য উপাদান সমুহ\nসূত্র : বাংলাদেশ জাতীয় আয়ুর্বেদিক ফর্মূলারী।\n\nকার্যকারিতা : অগ্নিমান্দ্য, অজীর্ণতা ও বদহজম প্রশমক।\n\nসেবনবিধি :\nপ্রাপ্তবয়স্ক : ১০ - ২০ মি.লি. ঔষধ সমপরিমাণ পানি সহ প্রত্যহ ২ - ৩ বার আহারের পর। অপ্রাপ্তবয়স্ক :৫ - ১০ মি.লি. ঔষধ সমপরিমাণ\nপানি সহ প্রত্যহ ২ - ৩ বার আহারের পর অথবা চিকিৎসকের পরামর্শ অনুযায়ী সেব্য।\n\nসেবনের পূর্বে বোতল ভাল ভাবে ঝাঁকিয়ে নিন।\nআলো থেকে দুরে, ঠান্ডা ও শুষ্ক স্থানে এবং শিশুদের নাগালের বাইরে রাখুন। তলানী ও ভাসমান পদার্থ ভেষজের অংশ বিশেষ।",Ayurvedic,products/amiton.jpg
Baby Care,,"<strong>Baby Care</strong>\n\n<strong> </strong>Principle Ingredients :\n\nEach 5 ml extract contains\nNelumbo nucifera -15.73 mg\nCurcuma zedoaria -15.67 mg\nBassia latifolia -15.73 mg\nVitis vinifera -0.31 gm\nand other ingredients\nRef :  Bangladesh National Ayurvedic Formulary.\n\nIndication :\nPediatric  dyspepsia,  Indigestion  and Rickets remedy. Develop energy, Nutrition,  Appetite and Immune.\n\nDosage :\nChildren : 2 - 5 ml medicine with water thrice daily or as directed by the physician.\n\n<strong>বেবী কেয়ার</strong>\n\nমূল উপাদান :\n\nপ্রতি ৫ মি.লি. নির্যাসে রয়েছে\nঅরবিন্দ-১৫.৭৩ মি.গ্রা.\nবেনামূল-১৫.৬৭ মি.গ্রা.\nমউলফুল-১৫.৭৩ মি.গ্রা.\nদ্রাক্ষা-০.৩১ গ্রাম\nএবং অন্যান্য উপাদান সমুহ\nসূত্র : বাংলাদেশ জাতীয় আয়ুর্বেদিক ফর্মূলারী।\n\nকার্যকারিতা :\nশিশুর গ্রহনী, অজীর্ন ও রিকেট রোগ প্রশমক। বল, পুষ্টি ও পাচকাগ্নি বর্ধক এবং রোগ প্রতিরোধ শক্তি বর্ধক।\n\nসেবনবিধি :\nশিশু : ২ - ৫ মি.লি. ঔষধ সমপরিমাণ পানি সহ প্রত্যহ তিন বার আহারের পর অথবা চিকিৎসকের পরামর্শ অনুযায়ী সেব্য।",Ayurvedic,products/babycare.jpg
Decaroot,,"<strong>Decaroot</strong>\n\nComposition :\nEach 5ml contains extract of following materials\nAegle marmelos-28.58 mg\nGmelina arborea-28.58 mg\nPremna integrifolia-28.58 mg\nDesmodium gangeticum-28.58 mg\nUraria lagopodiodies-28.58 mg\nSolanum xanthocarpum-28.58 mg\nTribulus terrestis-28.58 mg\nPlumbago rosea-85.73 mg\nTinospora cordifolia-0.11 gm\nEmbelica officinalis-91.45 mg\nEmbelica ribes-57.15 mg\nTerminalia chebula-45.72 mg\nand other ingredients\n\nRef : Bangladesh National Ayurvedic Formulary\n\nIndications :\nTestlessness, Loss of appetite, Renal impairement, Lac of memory, Nervous and Brain debility &amp; Chronic dysentery remedy.\n\nDosage :\nAdult : 1 - 2 teaspoonful thrice daily\nChildren : 1/2 - 1 teaspoonful thrice daily or as advised by the physician.\n\n<strong>Do not use in pregnancy.</strong>\n\n<strong>ডেকারুট</strong>\n\nউপাদান :\nপ্রতি ৫ মি.লি. এ আছে নিম্নলিখিত উপাদান গুলির নির্যাস\nবেল ২৮.৫৮ মি.গ্রা.\nগাম্ভারী ২৮.৫৮ মি.গ্রা.\nগনিয়ারী ২৮.৫৮ মি.গ্রা.\nশালপর্নি ২৮.৫৮ মি.গ্রা.\nচাকুলে ২৮.৫৮ মি.গ্রা.\nকন্টকারী ২৮.৫৮ মি.গ্রা.\nগোক্ষুর ২৮.৫৮ মি.গ্রা.\nচিতামূল ৮৫.৭৩ মি.গ্রা.\nগুরুচী ০.১১ গ্রাম\nআমলকী ৯১.৪৫ মি.গ্রা.\nবিড়ঙ্গ ৫৭.১৫ মি.গ্রা.\nহরীতকী ৪৫.৭২ মি.গ্রা.\nএবং অন্যান্য উপাদান।\nসূত্র : বাংলাদেশ জাতীয় আয়ুর্বেদিক ফর্মূলারী।\n\nকার্যকারিতা :\nঅরুচি, মন্দাগ্নি, মূত্রকৃচ্ছ, স্মৃতিশক্তির স্বল্পতা, স্নায়ুবিক ও মস্তিষ্কের দুর্বলতা এবং গ্রহণী প্রশমক।\n\nসেবনবিধি :\nপ্রাপ্ত বয়স্ক : ১ - ২ চা চামচ ঔষধ দৈনিক\nঅপ্রাপ্ত বয়স্ক : ১/২ - ১ চা চামচ ঔষধ দৈনিক অথবা চিকিৎসকের পরামর্শ মত সেব্য।\n\nগর্ভাবস্থায় সেবন নিষিদ্ধ।\n\nব্যবহারের পূর্বে বোতল ভালভাবে ঝাঁকিয়ে নিন। আলো থেকে দুরে, ঠান্ডা ও শুষ্ক স্থানে এবং শিশুদের নাগালের বাহিরে রাখুন।",Ayurvedic,products/Decaroot.jpg
Femilex,,"Femilex\n\nComposition :\nEach 5 ml extract contains\nSaraca indica -  1.52 gm\nWoodfordia floribunda  -  0.24 gm\nNigella sativa -15.15 mg\nCyperus rotundus-15.15 mg\nZingiber officinale-15.15 mg\nand other ingredients\n\nRef. : Bangladesh National Ayurvedic Formulary.\n\nIndication :\nMenorrhagia, Oedema, Anorexea, Haematemesis and fever remedy.\n\nDosage :\n2 - 4 tea spoonful 3 times a day or asdirected by the physician.\n\nShake the bottle well before each use. Keep in a cool, dry place and away from the reach of children.\n\nCaution : Do not use in pregnancy.\n\n<strong>ফেমিলেক্স</strong>\n\nউপাদান :\nপ্রতি ৫ মি.লি. নির্যাসে রয়েছে\nঅশোকছাল ১.৫২ গ্রাম\nধাতকী ০.২৪ গ্রাম\nকৃষ্ণজীরক ১৫.১৫ মি.গ্রা.\nমুস্তক ১৫.১৫ মি.গ্রা.\nশুন্ঠী ১৫.১৫ মি.গ্রা.\nএবং অন্যান্য উপাদান সমুহ\n\nসূত্র : বাংলাদেশ জাতীয় আয়ুর্বেদিক ফর্মূলারী।\n\nকার্যকারিতা :\nরক্তপ্রদর, রক্তস্রাব জনিত শোথ, অগ্নিমান্দ্য, অরুচি, রক্তপিত্ত ও জ্বর প্রশমক।\n\nসেবনবিধি :\nপ্রাপ্ত বয়স্ক : ২ - ৪ চা চামচ ঔষধ দৈনিক ৩ বার আহারের পর অথবা চিকিৎসকের পরামর্শ অনুযায়ী সেব্য।\n\nসেবনের পূর্বে বোতল ভাল ভাবে ঝাঁকিয়ে নিন। আলো থেকে দুরে, ঠান্ডা ও শুষ্ক স্থানে এবং শিশুদের নাগালের বাইরে রাখুন। তলানী ও ভাসমান পদার্থ ভেষজের অংশ বিশেষ।\n\nসতর্কতা :  গর্ভাবস্থায় সেবন নিষেধ।",Ayurvedic,products/Femilex.jpg
Gasodone,,"<strong>Gasodone</strong>\n\nPrincipal ingredients :\nEach 5 ml extract contains\nAdhatoda vasica -0.12 gm\nTinospora cordifolia -0.12 gm\nOldenlandia corymbosa-0.12 gm\nAzadirachta indica-0.12 gm\nSwertia chirata -0.12 gm\nWedelia calendulacea -0.12 gm\nand other ingredients.\n\nRef : Bangladesh National Ayurvedic Formulary.\n\nIndication :\nControls acidity and removes hyper acidity.\n\nDosage :\nAdult : 2-4 teaspoonful 3 times daily after\nChildren : 1-2 teaspoonful 3 times daily after meal or as directed by the physician.\n\nShake the bottle well before use. Keep in a cool, dry place &amp; protect from light. Keep away from the reach of children.\n\n<strong>গ্যাসোডান\n</strong>\nমুল উপাদান :\nপ্রতি ৫ মি.লি. নির্যাসে রয়েছে\nবাসক ০.১২ গ্রাম\nগুরুচী ০.১২ গ্রাম\nও অন্যান্য উপাদান সমুহ।\nসূত্র : বাংলাদেশ জাতীয় আয়ুর্বেদিক ফর্মূলারী।\n\nকার্যকারিতা :\nঅম্লপিত্ত প্রশমক ও অম্লাধিক্য রোধক।\n\nসেবনবিধি :\nপ্রাপ্ত বয়স্ক : ২-৪ চা চামচ আহারের পর দৈনিক ৩ বার\nঅপ্রাপ্ত বংস্ক : ১-২ চা চামচ আহারের পর দৈনিক ৩ বার অথবা চিকিৎসকের পরামর্শ অনুযায়ী সেব্য।\n\nপ্রতিবার সেবনের পূর্বে বোতল ভালভাবে ঝাঁকিয়ে নিন। আলো থেকে দুরে, ঠান্ডা ও শুষ্ক স্থানে রাখুন। সকল ঔষধ শিশুদের নাগালের বাইরে রাখুন।\nতলানী ও ভাসমান পদার্থ ভেষজের অংশ বিশেষ।",Ayurvedic,products/Gasodone.jpg
Herbo Plus,,"Herbo Plus\n\nPrincipal Ingredients : Each 5 gm contains\nIpomoea digitata -00.43 gm\nMyristica fragrans-31.83 mg\nCinnamomum cassia -31.83 mg\nSyzygium aromaticum -31.83 mg\nPiper longum -31.83 mg\nPiper nigram -31.83 mg\nZingiber officinalis -31.83 mg\nBombax malabaricum -31.83 mg\nWithania somnifera -31.83 mg\nand other ingredients\n\nRef : Bangladesh National Ayurvedic Formulary.\n\nIndication :\nSpermatorrhoea &amp; Aphrodisiac. Increases strength and Vitality.\n\nDosage :\n5 - 10 gm with 200 ml of milk at morning and evening or as per the direction of physician. For male &amp; female both\n\nKeep in a cool, dry place &amp; protect from light Keep away from the reach of children.\n\n<strong>হার্বো-প্লাস</strong>\nমূল উপাদান : প্রতি ৫ গ্রামে আছে\nবিদারীকন্দ ০০.৪৩ গ্রাম\nজায়ফল ৩১.৮৩ মি.গ্রা.\nদারুচিনি ৩১.৮৩ মি.গ্রা.\nলবঙ্গ ৩১.৮৩ মি.গ্রা.\nপিপুল ৩১.৮৩ মি.গ্রা.\nমরিচ ৩১.৮৩ মি.গ্রা.\nআদা ৩১.৮৩ মি.গ্রা.\nশিমুল ৩১.৮৩ মি.গ্রা.\nঅশ্বগন্ধা ৩১.৮৩ মি.গ্রা.\nএবং অন্যান্য উপাদানে প্রস্তুত\n\nসুত্র : বাংলাদেশ জাতীয় আয়ুর্বেদিক ফর্মুলারী।\n\nকার্যকারিতা :\nইহা শুক্রপাত ও বলক্ষয় প্রশমক এবং বলবীর্য বর্ধক।\n\nসেবনবিধি :\n৫ - ১০ গ্রাম ঔষধ সকাল ও সন্ধ্যায় ২০০ মি.লি. দুধ সহ অথবা চিকিৎসকের পরামর্শ অনুযায়ী সেব্য। পুরুষ ও মহিলা উভয়েই সেবন করিতে পারিবেন।\n\nআলো থেকে দুরে, ঠান্ডা ও শুষ্ক জায়গায় রাখুন।শিশুদের নাগালের বাইরে রাখুন।",Ayurvedic,products/HerboPlus.jpg
Licodin S,,"<strong>Licodin-S</strong>\n\nPrincipal ingredients : Each 5 ml contains\nCaesalpinia sappan -4.47 mg\nSalmalia malabarica-4.47 mg\nSyzygium aromaticum -4.47 mg\nCinnamomum zeylanicum -4.47 mg\nAcacia catechu -4.47 mg\nSida cordifolia -4.47 m\nHemidesmus indicus -4.47 mg\nHibiscus rosasinesis -4.47 mg\nCedrus deodara -4.47 mg\nFerrum -4.47 mg\nVitis vinifera -4.47 mg\nand other ingredients\n\nRef. : Bangladesh National Ayurvedic Formulary.\n\nIndication :\nLeucorrhoea &amp; Uterine disorder diseases.\n\nDosage :\nAdult : 2-4 teaspoonful with water after meal thrice daily or as directed by the physician.\n\nCaution :\nNot recommended for the under aged and pregnancy.\n\nSHAKE THE BOTTLE WELL BEFORE EACH USE. KEEP IN A COOL, DRY PLACE AND AWAY FROM THE REACH OF CHILDREN.\n\n<strong>লিকোডিন-এস</strong>\n\nমূল উপাদান :\nপ্রতি ৫ মি.লি. তে আছে\nবকম কাষ্ঠ ৪.৪৭ মি.গ্রা.\nশিমুল ৪.৪৭ মি.গ্রা.\nলবঙ্গ ৪.৪৭ মি.গ্রা.\nদারুচিনি ৪.৪৭ মি.গ্রা.\nখয়ের ৪.৪৭ মি.গ্রা.\nবেড়েলা ৪.৪৭ মি.গ্রা.\nঅনন্তমূল ৪.৪৭ মি.গ্রা.\nজবা ৪.৪৭ মি.গ্রা.\nদারু হরিদ্রা ৪.৪৭ মি.গ্রা.\nলৌহ ৪.৪৭ মি.গ্রা.\nআঙ্গুর ৪.৪৭ মি.গ্রা.\nএবং অন্যান্য উপাদান সমুহ\nসূত্র : বাংলাদেশ জাতীয় আয়ুর্বেদিক ফর্মূলারী।\n\nকার্যকারিতা :\nশ্বেতপ্রদর এবং জরায়ু সংক্রান্ত পীড়ায় ফলপ্রদ।\n\nসেবনবিধি :\nপ্রাপ্ত বয়স্ক : ২ - ৪ চা চামচ সমপরিমাণ পানি সহ আহারের পর প্রত্যহ ৩ বার অথবা চিকিৎসকের পরামর্শ অনুযায়ী সেব্য।\n\nসতর্কতা :\nঅপ্রাপ্ত বয়স্কদের জন্য প্রযোজ্য নয় এবং গর্ভাবস্থায় সেবন নিষিদ্ধ।\n\nসেবনের পূর্বে বোতল ভাল ভাবে ঝাঁকিয়ে নিন। আলো থেকে দুরে ঠান্ডা ও শুষ্ক স্থানে এবং শিশুদের নাগালের বাইরে রাখুন। তলানী ও ভাসমান পদার্থ ভেষজের অংশ বিশেষ।",Ayurvedic,products/LocodinS.jpg
Neuropep,,"Neuropep\n\nPrinciple Ingredients :\nEach 5 ml extract contains\nCyperus rotundus -2.63 gm\nZingiber officinalis -27.38 mg\nPiper nigrum-27.38 mg\nFenugreek-27.38 mg\nWoodfordia floribunda-0.22 gm\nand other ingredients.\n\nRef : Bangladesh National Ayurvedic Formulary.\n\nIndication : Indigestion, Dyspepsia, Painfull and loose motion.\n\nDosage :\nAdult : 2 - 4 teaspoonful 2 - 3 times daily.\nChildren : 1 - 2 teaspoonful 2 - 3 times daily or as directed by the physician.\n\nShake the bottle well before each use. Keep in a cool, dry place and away from the reach of children.\n\n<strong>নিউরোপেপ</strong>\n\nমূল উপাদান :\nপ্রতি ৫ মি.লি. নির্যাসে রয়েছে\nমুথা ২.৬৩ গ্রাম\nআদা ২৭.৩৮ মি.গ্রা.\nমরিচ ২৭.৩৮ মি.গ্রা.\nমেথি ২৭.৩৮ মি.গ্রা.\nধাতকী ০.২২ গ্রাম\nএবং অন্যান্য উপাদান সমুহ।\nসূত্র : বাংলাদেশ জাতীয় আয়ুর্বেদিক ফর্মূলারী।\n\nকার্যকারিতা :\nঅজীর্ণ, অগ্নিমান্দ্য ও অতিসার প্রশমক।\n\nসেবনবিধি :\nবয়স্ক : ২ - ৪ চা চামচ ঔষধ দিনে ২ - ৩ বার\nশিশু : ১ - ২ চা চামচ ঔষধ দিনে ২ - ৩ বার অথবা চিকিৎসকের পরামর্শ অনুযায়ী সেব্য।\n\nসেবনের পূর্বে বোতল ভাল ভাবে ঝাঁকিয়ে নিন। আলো থেকে দুরে ঠান্ডা ও শুষ্ক স্থানে এবং শিশুদের নাগালের বাইরে রাখুন। তলানী ও ভাসমান পদার্থ ভেষজের অংশ বিশেষ।\n\n&nbsp;",Ayurvedic,products/Neuropep.jpg
SBvit,,"SBvit\n\nPrinciple Ingredients :\nEach 5 ml contains\nWithania somnifera- 0.22 gm\nVitis vinifera --0.22 gm\nTerminalia arjuna -43.55 mg\nIpomoea digitata-43.55 mg\nSantalum album -43.55 mg\nPlumbago zeylanica-43.55 mg\nHemidesmus indicus-43.55 mg\nBerberis aristata-43.55 mg\nPterocarpus santalinus-43.55 mg\nSida cordifolia-43.55 mg\nand others ingredients\n\nSource : Bangladesh National Ayurvedic Formulary.\n\nIndications :\nIt increases physical, nervous and mental strength as well as sexual capability\n\nDosage :\nAdult : 2-4 teaspoonful 3 times daily after meal or as directed by the physician.\n\nShake the bottle before use. Keep in cool &amp; dry place and away from children.\n\n<strong>এসবিভিট</strong>\n\nমূল উপাদান :\nপ্রতি ৫ মি. লি. নির্যাসে আছে\nঅশ্বগন্ধা ০.২২ গ্রাম\nদ্রাক্ষা ০.২২ গ্রাম\nঅর্জুনছাল ৪৩.৫৫ মি. গ্রা.\nবিদারীকন্দ ৪৩.৫৫ মি. গ্রা.\nশ্বেত চন্দন ৪৩.৫৫ মি. গ্রা.\nচিত্রক ৪৩.৫৫ মি. গ্রা.\nঅনন্ত মূল ৪৩.৫৫ মি. গ্রা.\nদারুহরিদ্রা ৪৩.৫৫ মি. গ্রা.\nরক্ত চন্দন ৪৩.৫৫ মি. গ্রা.\nবেড়েলা ৪৩.৫৫ মি. গ্রা.\nএবং অন্যান্য উপাদানের সংমিশ্রন।\nসূত্র : বাংলাদেশ জাতীয় আয়ুর্বেদিক ফর্মূলারী ।\n\nকার্যকারিতা :\nশারীরিক বল, ইন্দ্রিয়ের শক্তি, মেধা ও বীর্য বর্ধক।\n\nসেবনবিধি :\nপ্রাপ্ত বয়স্ক : ২-৪ চা চামচ আহারের পর দৈনিক ৩ বার সেব্য অথবা চিকিৎসকের পরামর্শ অনুযায়ী।",Ayurvedic,products/Sbvit.jpg
Scormin,,"<strong>Scormin</strong>\n\nComposition :\nEach 5ml contains extract of following materials\nEmblica officinalis extract-3.03 ml\nSugar-3.03 gm\nPiper longam0.12 gm\nHoney-0.36 gm\nand other ingredients\n\nRef : Bangladesh National Ayurvedic Formulary\n\nIndications :\nHyperacidity, Indigestion, Dyspepsia, Anorexia, Flatulence, Anaemia, Jaundice &amp; Increase body immunity.\n\nDosage :\nAdult : 2 - 4 teaspoonful thrice daily Children : 1/2 - 1 teaspoonful thrice daily or as advised by the physician.\n\nShake well before each use Store in a cool, dry place and away from the reach of children.\n\n<strong>স্করমিন</strong>\n\nউপাদান :\nপ্রতি ৫ মি.লি. এ আছে নি¤œলিখিত উপাদান গুলির নির্যাস\nকাঁচা আমলকীর রস ৩.০৩ মি.লি.\nশর্করা ৩.০৩ গ্রাম\nপিপ্পলী ০.১২ গ্রাম\nমধু ০.৩৬ গ্রাম\nএবং অন্যান্য উপাদান।\n\nসূত্র : বাংলাদেশ জাতীয় আয়ুর্বেদিক ফর্মূলারী।\n\nকার্যকারিতা :\nঅম্লাধিক্য, বদহজম, অজীর্ণ, অরুচি, পেটফাঁপা, রক্তাল্পতা, জন্ডিস এবং রোগ প্রতিরোধ ক্ষমতা বৃদ্ধিতে কার্যকরী।\n\nসেবনবিধি :\nপ্রাপ্ত বয়স্ক ঃ ২ - ৪ চা চামচ ঔষধ দৈনিক ৩ বার\nঅপ্রাপ্ত বয়স্ক : ১/২ - ১ চা চামচ ঔষধ দৈনিক ৩ বার অথবা চিকিৎসকের পরামর্শ মত সেব্য।\n\nব্যবহারের পূর্বে বোতল ভালভাবে ঝাঁকিয়ে নিন। আলো থেকে দুরে, ঠান্ডা ও শুষ্ক স্থানে এবং শিশুদের নাগালের বাহিরে রাখুন।",Ayurvedic,products/Scormin.jpg
Urinex,,"<strong>Urinex</strong>\n\nPrinciple Ingredients :\nEach 5 ml extract contains\nSantalum album-8.26 mg\nPterocarpus santalinus-8.26 mg\nCyperus rotundus-8.26 mg\nNelumbium nucifera-8.26 mg\nSwertia chirata-8.26 mg\nGlycyrrhiza glabra-8.26 mg\nand other ingredients.\n\nRef : Bangladesh National Ayurvedic Formulary.\n\nIndication : Spermatorrhoea, Urinary infection remedy and Digestant.\n\nDosage :\nAdult : 1-2 teaspoonful with equal water thrice daily.\nChildren : 1/2 - 1 teaspoonful with equal water thrice daily or as directed by the physician.\n\nShake the bottle well before each use. Keep in a cool, dry place and away from the reach of children.\n\nইউরিনেক্স\n\nমূল উপাদান :\nপ্রতি ৫ মি.লি. নির্যাসে রয়েছে\nশ্বেত চন্দন ৮.২৬ মি.গ্রা.\nরক্ত চন্দন ৮.২৬ মি.গ্রা.\nমুথা ৮.২৬ মি.গ্রা.\nনীলোৎপল ৮.২৬ মি.গ্রা.\nচিরতা ৮.২৬ মি.গ্রা.\nযষ্ঠিমধু ৮.২৬ মি.গ্রা.\nএবং অন্যান্য উপাদান সমুহ।\n\nসূত্র : বাংলাদেশ জাতীয় আয়ুর্বেদিক ফর্মূলারী।\n\nকার্যকারিতা :  শুক্রমেহ প্রশমক, মূত্রদোষে ফলপ্রদ ও হজমীকারক।\n\nসেবনবিধি :\nবয়স্ক : ১ - ২ চা চামচ ঔষধ সমপরিমাণ পানি সহ প্রত্যহ তিন বার সেব্য।\nশিশু : ১/২-১ চা চামচ ঔষধ সমপরিমাণ পানি সহ প্রত্যহ তিন বার অথবা চিকিৎসকের পরামর্শ অনুযায়ী সেব্য।\n\nসেবনের পূর্বে বোতল ভাল ভাবে ঝাঁকিয়ে নিন। আলো থেকে দুরে ঠান্ডা ও শুষ্ক স্থানে এবং শিশুদের নাগালের বাইরে রাখুন। তলানী ও ভাসমান পদার্থ ভেষজের অংশ বিশেষ।",Ayurvedic,products/Urinex.jpg
Balarist-S,,"<strong>Balarist-S</strong>\n\nPrincipal ingredients :\n\nEach 5 ml extract contains\nSida cordifolia-1.35 gm\nWithania somnifera-1.35 gm\nWoodfordia floribunda-0.22 gm\nLilium polyphyllum-28.15 mg\nVanda roxburghi-14.08 m\nElettaria cardamomum-14.08 mg\nSyzygium aromaticum-14.08 mg\nPedalium murex -14.08 mg\nand other ingredients.\n\nRef. : Bangladesh National Ayurvedic Formulary.\n\nIndication :\nEnergetic, Neutritious, Digestive and Rheumatic pain remedy.\n\nDosage :\nAdult : 1 - 2 teaspoonful with water after meal 2 - 3 times daily\nChildren : 1 teaspoonful with water after meal 2 - 3 times daily or as directed by the physician.\n\nShake the bottle well before each use.\n\nKeep in a cool, dry place &amp; protect from light. Keep away from the reach of children.\n\n<strong>বলারিস্ট - এস</strong>\n\nমুল উপাদান :\nপ্রতি ৫ মি.লি. নির্যাসে রয়েছে\nসিডা কর্ডিফোলিয়া (বেড়েলা) ১.৩৫ গ্রাম\nউইথানিয়া সোমনিফেরা (অশ্বগন্ধা) ১.৩৫ গ্রাম\nউডফোর্ডিয়া ফ্লোরিবুন্ডা (ধাতকী) ০.২২ গ্রাম\nলিলিয়াম পলিফাইলাম (ক্ষীর কাকোলী) ২৮.১৫ মি.গ্রা.\nভেন্ডা রক্সবার্ঘী (রাস্না) ১৪.০৮ মি.গ্রা.\nইলেটারিয়া কার্ডামোমাম (এলাচ) ১৪.০৮ মি.গ্রা.\nসাইজাইজিয়াম এ্যারোমেটিকাম (লবঙ্গ) ১৪.০৮ মি.গ্রা.\nপিডেলিয়াম মুরেক্স (গোক্ষুর) ১৪.০৮ মি.গ্রা.\nও অন্যান্য উপাদান সমুহ।\nসূত্র : বাংলাদেশ জাতীয় আয়ুর্বেদিক ফর্মূলারী।\n\nকার্যকারিতা :\nবলবর্ধক, পুষ্টিকারক, হজমকারক ও বাত বেদনা প্রশমক।\n\nসেবনবিধি :\nপ্রাপ্ত বয়স্ক : ১ - ২ চা চামচ ঔষধ পানিসহ আহারের পর দৈনিক ২ - ৩ বার সেব্য।\nশিশু : ১ চা চামচ ঔষধ পানিসহ আহারের পর দৈনিক ২ - ৩ বার অথবা চিকিৎসকের পরামর্শ অনুযায়ী সেব্য।\n\nপ্রতিবার সেবনের পূর্বে বোতল ভালভাবে ঝাঁকিয়ে নিন। আলো থেকে দুরে, ঠান্ডা ও শুষ্ক স্থানে রাখুন।\nসকল ঔষধ শিশুদের নাগালের বাইরে রাখুন।",Ayurvedic,products/Balarist-S.jpg
B-Poten,,"Principle Ingredients :\n\nEach 5 ml extract contains\n\nVitis vinifera -0.72 gm\nCinnamomum zeylanicum-13.87 mg\nElettaria cardomomum-13.87 mg\nCinnamomum tamala-13.87 mg\nMesua ferrea-13.87 mg\nPiper nigrum-13.87 mg\nPiper longum-13.87 mg\nWoodfordia floribunda-13.87 m\nand other ingredients\n\nRef : Bangladesh National Ayurvedic Formulary.\n\nIndication :\nPthisis, Cough, Asthma and Pharynxitis remedy.\n\nDosage\nAdult : 2 - 4 teaspoonful two times daily Children : 1/2 - 1 teaspoonful two times daily or as directed by the physician.\n\n<strong>বি-পোটেন</strong>\n\nমূল উপাদান  :\n\nপ্রতি ৫ মি.লি. নির্যাসে আছে\nভাইটিস ভিনিফেরা-০.৭২ গ্রাম\nসিনামোমাম জাইলেনিকাম-১৩.৮৭ মি.গ্রা.\nইলেটারিয়া কার্ডামোমাম-১৩.৮৭ মি.গ্রা.\nসিনামোমাম তামালা-১৩.৮৭ মি.গ্রা.\nমেসুয়া ফেরিয়া-১৩.৮৭ মি.গ্রা.\nপাইপার নাইগ্রাম-১৩.৮৭ মি.গ্রা.\nপাইপার লঙ্গাম-১৩.৮৭ মি.গ্রা.\nউডফোর্ডিয়া ফ্লোরিবুন্ডা-১৩.৮৭ মি.গ্রা.\nএবং অন্যান্য উপাদান সমুহ\n\nসূত্র : বাংলাদেশ জাতীয় আয়ুর্বেদিক ফর্মূলারী।\n\nকার্যকারিতা :\nক্ষয়রোগ, শ্বাস, কাশ, হাঁপানী ও গলনালী সংক্রমণ প্রশমক।\n\nসেবন বিধি : প্রাপ্ত বয়স্ক ঃ ২ - ৪ চা চামচ ঔষধ প্রত্যহ ২ বার শিশু ঃ ১/২ - ১ চা চামচ ঔষধ প্রত্যহ ২ বার অথবা চিকিৎসকের পরামর্শ অনুযায়ী সেব্য।\n\nব্যবহারের পূর্বে বোতল উত্তমরূপে ঝাঁকিয়ে নিন। আলো থেকে দূরে ঠান্ডা ও শুষ্ক স্থানে এবং শিশুদের নাগালের বাইরে রাখুন।",Ayurvedic,products/B-Poten.jpg
Branolex,,"Branolex\n\nGinkgo biloba Cap. 60 mg\n\nComposition :\nEach Capsule contains Ginkgo biloba 60 mg (Ginkgo biloba extract)\n\nRef : PDR for Herbal Medicines 3rd Edition.\n\nIndication : Cerebral insufficiency, Memory deficiency, Poor concentration.\n\nDosage :\nAdult : 2-4 capsules daily in 2 - 3 divided dosage\nChildren : 1 - 2 capsules daily or as directed by the physician.\n\nKeep in a cool, dry place &amp; away from light. Keep out of the reach of children.\n\n<strong>ব্রেনোলেক্স</strong>\nজিংকগো বিলোবা ৬০ মি.গ্রা. ক্যাপ.\n\nউপাদান :\nপ্রতিটি ক্যাপসুলে রয়েছে\nজিংকগো বিলোবা ৬০ মি.গ্রা. (জিংকগো বিলোবা এক্সট্রাক্ট)\nসূত্র : পি ডি আর - হার্বাল মেডিসিন ৩য় সংস্করন।\n\nকার্যকারিতা :\nমস্তিষ্কস্নায়ুর দূর্বলতা, স্মৃতিশক্তি দূর্বলতা ও মনযোগের অভাব।\n\nসেবনবিধি :\nপ্রাপ্ত বয়স্ক : ২ - ৪ টি ক্যাপসুল দৈনিক ২-৩ টি বিভক্ত মাত্রায়\nঅপ্রাপ্ত বয়স্ক : ১-২ টি ক্যাপসুল দৈনিক অথবা চিকিৎসকের\nপরামর্শ অনুযায়ী সেব্য।\n\nআলো থেকে দুরে ঠান্ডা ও শুষ্ক স্থানে রাখুন।\nশিশুদের নাগালের বাইরে রাখুন।\n\n&nbsp;",Herbal,products/Brenolex.jpg
Bronkutuch,,"<strong>Bronkutuch</strong>\n\nPrinciple Ingredients :\n\nEach 5 ml contains extract of\nDatura fastuosa -32.06 mg\nAdatoda vasica -32.06 mg\nLiquorice -16.03 mg\nPiper longum -16.03 mg\nMesuaferrea -16.03 mg\nDri gingiber -16.03 mg\nPinus webbiana -16.03 mg\nVitis venifera -0.16 gm\nand others ingredients\nRef. : Bangladesh National Ayurvedic Formulary.\n\nIndication :\nAsthma, Bronchitis, Febrile condition, Haematemesis remedy.\n\nDosage :\nAdult : 2 - 4 teaspoonful 2 - 3 times daily or as directed by the physician.\n\nShake the bottle well before each use. keep in a cool, dry place and away from the reach of children.\n\n<strong>ব্রঙ্কুটাচ</strong>\n\nমূল উপাদান :\nপ্রতি ৫ মি.লি. নির্যাসে রয়েছে\nধাতুরা ফাস্টুয়াসা ৩২.০৬ মি.গ্রা.\nআঢাটোডা ভাসিকা ৩২.০৬ মি.গ্রা.\nলিকুরিস ১৬.০৩ মি.গ্রা.\nপাইপার লঙ্গাম ১৬.০৩ মি.গ্রা.\nমেসুয়াফেরিয়া ১৬.০৩ মি.গ্রা.\nড্রাই জিঞ্জীবার ১৬.০৩ মি.গ্রা.\nপাইনস্ ওয়েবিয়ানা ১৬.০৩ মি.গ্রা.\nভাইটিস ভেনিফেরা ০.১৬ গ্রাম\nএবং অন্যান্য উপাদান সমুহ\nসূত্র : বাংলাদেশ জাতীয় আয়ুর্বেদিক ফর্মূলারী।\n\nকার্যকারিতা :\nশ্বাস, কাস, জীর্ণ জ্বর ও রক্তপিত্ত প্রশমক।\n\nসেবনবিধি:\n\nপূর্ণ বয়স্ক : ২-৪ চা চামচ ঔষধ দিনে ২-৩ বার, অথবা চিকিৎসকের পরামর্শ অনুযায়ী সেব্য।\n\nসেবনের পূর্বে বোতল ভাল ভাবে ঝাঁকিয়ে নিন। আলো থেকে দুরে ঠান্ডা ও শুষ্ক স্থানে এবং শিশুদের নাগালের বাইরে রাখুন।\nতলানী ও ভাসমান পদার্থ ভেষজের অংশ বিশেষ।",Ayurvedic,products/Bronkutuch.jpg
Campak,,Campak,Ayurvedic,products/Campak.jpg
Cardolin,,"<strong>Cardolin</strong>\n\nPrinciple Ingredients :\nEach 5 ml contains extract of\nTerminalia arjuna -2.08 gm\nVitis vinifera -1.04 gm\nBassia latifolia -0.42 gm\nWoodfordia floribunda -0.42 gm\nand other ingredients\nRef. : Bangladesh National Ayurvedic Formulary.\n\nIndication :\nHeart disease, Lung disease, Arrhythmia, Cardiac Asthma and Physical weakness.\n\nDosage :\nAdult : 1 - 2 teaspoonful thrice daily or as directed by the physician.\n\nShake the bottle well before each use. Keep in a cool, dry place and away from the reach of children.\n\n<strong>কার্ডোলিন</strong>\n\nমূল উপাদান :\nপ্রতি ৫ মি.লি নির্যাসে রয়েছে\nঅর্জুন ছাল ২.০৮ গ্রাম\nদ্রাক্ষা (মনাক্কা) ১.০৪ গ্রাম\nমধুক (মৌলফুল) ০.৪২ গ্রাম\nধাতকী (ধাইফুল) ০.৪২ গ্রাম\nএবং অন্যান্য উপাদান সমুহ\nসূত্র : বাংলাদেশ জাতীয় আয়ুর্বেদিক ফর্মূলারী।\n\nকার্যকারিতা :\nহৃদরোগ, ফুসফুস রোগ, হৃদকম্প, শ্বাস কষ্ট এবং শারীরিক দুর্বলতা প্রশমক।\n\nসেবনবিধি :\nপূর্ণ বয়স্ক : ১ - ২ চা চামচ ঔষধ দৈনিক ৩ বার অথবা চিকিৎসকের পরামর্শ অনুযায়ী সেব্য।\n\nসেবনের পূর্বে বোতল ভাল ভাবে ঝাঁকিয়ে নিন। আলো থেকে দুরে, ঠান্ডা ও শুষ্ক স্থানে এবং শিশুদের নাগালের বাইরে রাখুন। তলানী ও ভাসমান পদার্থ ভেষজের অংশ বিশেষ।",Ayurvedic,products/Cardolin.jpg
Chestal,,"<strong>Chestal</strong>\n\nPrincipal ingredients :\nEach 5 gm contains extract of\nAbies webbiana -0.10 gm\nPiper nigram -0.21 gm\nZingiber officinalis -0.31 gm\nPiper longum -0.42 gm\nBombusa bambos -0.52 gm\nCinnamomum zeylanicum -0.05 gm\nand other ingredients\n\nRef : Bangladesh National Ayurvedic Formulary.\n\nDosage :\nAdult : 2 - 4 tablets daily\nChildren : 1-2 tablets daily or as directed by the physician.\n\nKeep in a cool dry place and away from the reach of children.\n\nচেষ্টাল\n\nমূল উপাদান :\nপ্রতিটি ৫ গ্রাম এ নির্যাস আকারে রয়েছে\nতালিশপত্র ০.১০ গ্রাম\nমরিচ ০.২১ গ্রাম\nশুঁঠ ০.৩১ গ্রাম\nপিপুল ০.৪২ গ্রাম\nবংশলোচন ০.৫২ গ্রাম\nদারুচিনি ০.০৫ গ্রাম\nএবং অন্যান্য উপাদান সমুহ।\nসূত্র : বাংলাদেশ জাতীয় আয়ুর্বেদিক ফর্মূলারী।\n\nসেবন বিধি :\nপ্রাপ্ত বয়স্ক : ২ - ৪ টি ট্যাবলেট দৈনিক\nশিশু : ১ - ২ টি ট্যাবলেট দৈনিক অথবা চিকিৎসকের পরামর্শ অনুযায়ী সেব্য।\n\nআলো থেকে দুরে ঠান্ডা ও শুষ্ক স্থানে রাখুন। সকল ঔষধ শিশুদের নাগালের বাহিরে রাখুন।",Ayurvedic,products/Chestal.jpg
Detox,,"<strong>Detox </strong>\n\nComposition :\nEach Capsule contains Spirulina  500 mg\nRef : PDR for Herbal Medicines.\n\nIndications and uses :\nDevelopes immune functions, Hepatoprotective. Inhibits allergic reactions Hypocholesterolemic and Natural anti-oxidant. Vitamin A to Z deficiency syndrome remedy.\n\nDosage :\nAdult : 1 - 2 Capsules daily\nChildren : 1 Capsule daily or as per the instruction of an appropriate health provider.\n\nKeep in a cool dry place, away from direct sunlight. Keep away from the reach of children.\n\n<strong>ডিটক্স</strong>\n\nউপাদান :\nপ্রতিটি ক্যাপসুলে রয়েছে স্পিরুলিনা ৫০০ মি.গ্রা.\nসূত্র : পি ডি আর - হার্বাল মেডিসিন।\n\nকার্যকারিতা :\nদৈহিক প্রতিরোধ ক্ষমতা বর্ধক, যকৃত সুরক্ষাকারী, এলার্জি রোধক, প্রাকৃতিক এন্টি-অক্সিডেন্ট ও কোলেষ্টেরল মাত্রা কমাতে সহায়ক।\nভিটামিন এ টু জেড ঘাটতি জনিত লক্ষণ সমুহ প্রশমক।\n\nসেবনবিধি :\nপ্রাপ্ত বয়স্ক : ১ - ২ টি ক্যাপসুল দৈনিক\nঅপ্রাপ্ত বয়স্ক : ১ টি ক্যাপসুল দৈনিক অথবা যথার্থ স্বাস্থ্য পরামর্শকের নির্দেশ অনুযায়ী সেব্য।\n\nআলো থেকে দুরে, ঠান্ডা ও শুষ্ক স্থানে রাখুন। শিশুদের নাগালের বাইরে রাখুন।",Herbal,products/Detos.jpg
Diconex,,"Diconex\n\nComposition :\nEach 5ml contains extract of\nEmblica officinalis-21.93 mg\nTinospora cordifolia-21.93 mg\nTerminalia chebula-21.93 mg\nHemidesmus indicus-21.93 mg\nCedrus deodara-21.93 mg\nSantalum album-21.93 mg\nPterocarpus santalinus-21.93 mg\nVitis vinifera-0.22 gm\nand other ingredients\n\nRef : Bangladesh National Ayurvedic Formulary.\n\nIndications :\nEnergetic, Maintain Vital force of body  and mind, Post delivery weakness, Anaemia, Anorexia and Spermatogenic.\n\nDosage :\nAdult : 2 - 4 teaspoonful 2 - 3 times daily\nChildren : 1 - 2 teaspoonful 2 - 3 times daily or as advised by the physician.\n\nShake the bottle well before each use. keep in a cool, dry place and away from the reach of children.\n\n<strong>ডাইকোনেক্স</strong>\n\nউপাদান :\nপ্রতি ৫ মি.লি. নির্যাসে রয়েছে\nআমলকী ২১.৯৩ মি.গ্রা.\nগুরুচী ২১.৯৩ মি.গ্রা.\nহরীতকী ২১.৯৩ মি.গ্রা.\nঅনন্তমূল ২১.৯৩ মি.গ্রা.\nদেবদারু ২১.৯৩ মি.গ্রা.\nশ্বেত চন্দন ২১.৯৩ মি.গ্রা.\nরক্ত চন্দন ২১.৯৩ মি.গ্রা.\nদ্রাক্ষা ০.২২ গ্রাম\nএবং অন্যান্য উপাদান।\nসূত্র : বাংলাদেশ জাতীয় আয়ুর্বেদিক ফর্মূলারী।\n\nকার্যকারিতা :\nবলবীর্য বর্ধক, প্রসবান্তিক দৌর্বল্য, সূতিকা, রক্তাল্পতা ও অগ্নিমান্দ্য প্রশমক। পুরুষের মেহ প্রশমক ও বীর্য বর্ধক।\n\nসেবনবিধি :\nপ্রাপ্ত বয়স্ক : ২ - ৪ চা চামচ দৈনিক ২ - ৩ বার\nঅপ্রাপ্ত বয়স্ক : ১ - ২ চা চামচ দৈনিক ২ - ৩ বার অথবা চিকিৎসকের পরামর্শ মত সেব্য।\n\nসেবনের পূর্বে বোতল ভাল ভাবে ঝাঁকিয়ে নিন। আলো থেকে দুরে ঠান্ডা ও শুষ্ক স্থানে এবং শিশুদের নাগালের বাইরে রাখুন। তলানী ও ভাসমান পদার্থ ভেষজের অংশ বিশেষ।",Ayurvedic,products/Diconex.jpg
Diconex-Plus,,"<strong>Diconex - Plus </strong>\n\nPrincipal ingredients :\nEach  5 ml contains\nWithania somnifera-0.21 gm\nMucuna prurita-0.21 gm\nAsparagus recemosus-0.21 gm\nSida cordifolia-0.21 gm\nVitis vinifera-0.21 gm\nMyristica fragrans-0.10 mg\nTinospora cordifolia-9.20 mg\nElettaria cardamomum-9.20 mg\nMesua ferrea-9.20 mg\nCrocus sativus-9.20 mg\nand other ingredients\n\nRef : Bangladesh National Ayurvedic Formulary.\n\nIndication :\nEnergetic, Increase mental &amp; nervous strenght, Removes insomnia, Increased Libido and effective elixer.\n\nDosage :\nAdult : 2 - 4 Teaspoonful 2-3 times daily\nChildren : 1-2 Teaspoonful 2-3 times daily or as directed by the physician.\n\nShake the bottle before use. Keep in a cool, dry place &amp; protect from light. Keep away from the reach of children.\n\n<strong>ডাইকোনেক্স-প্লাস</strong>\nমূল উপাদান : প্রতি ৫ মিঃ লিঃ নির্যাসে রয়েছে\nঅশ গন্ধা ০.২১ গ্রাম\nআলকুশি ০.২১ গ্রাম\nশতাবরী ০.২১ গ্রাম\nবেড়েলা ০.২১ গ্রাম\nদ্রাক্ষা ০.২১ গ্রাম\nজাতী ফল ০.১০ মি.গ্রা.\nগুড়ত্বক ৯.২০ মি.গ্রা.\nএলাচ ৯.২০ মি.গ্রা.\nনাগকেশর ৯.২০ মি.গ্রা.\nকেশর ৯.২০ মি.গ্রা.\nও অন্যান্য উপাদান সমুহ\nসূত্র : বাংলাদেশ জাতীয় আয়ুর্বেদিক ফর্মূলারী।\n\nকার্যকারিতা :\nবল বর্ধক, মস্তিষ্কস্নায়ুর শক্তি বর্ধক, অনিদ্রা প্রশমক, শুক্র বর্ধক ও পরম রসায়ন।\n\nসেবনবিধি :\nপ্রাপ্ত বয়স্ক : ২ - ৪ চা চামচ ঔষধ দিনে ২ - ৩ বার\nশিশু : ১ - ২ চা চামচ ঔষধ দিনে ২ - ৩ বার অথবা চিকিৎসকের পরামর্শ অনুযায়ী সেব্য।\n\nআলো থেকে দুরে, ঠান্ডা ও শুষ্ক জায়গায় রাখুন। খাবার পূর্বে বোতল ভালভাবে ঝাঁকিয়ে নিন। তলানী ও ভাসমান পদার্থ ভেষজের অংশ বিশেষ।",Ayurvedic,products/Diconex-Plus.jpg
Dimacid,,"<strong>Dimacid</strong>\n\nPrincipal Ingredients :\nEach 250 mg capsule contains\nMyca -50 mg\nFerrum -50 mg\nCuprum -50 mg\nand other ingredients\n\nRef : Bangladesh National Ayurvedic Formulary.\n\nIndication :\nAcid neutralizer, Gastric acidity and Duodenal ulcer remedy.\n\nDosage :\nAdult : 1 - 2 capsule daily or as directed by the physician.\n\nKeep in a cool dry place and away from the reach of children.\n\n<strong>ডিমাসিড</strong>\n\nমূল উপাদান :\nপ্রতিটি ২৫০ মি.গ্রা. ক্যাপসুলে রয়েছে\nমাইকা ৫০ মি.গ্রা.\nআভ্র ৫০ মি.গ্রা.\nকাপরাম ৫০ মি.গ্রা.\nএবং অন্যান্য উপাদান সমুহ\nসূত্র : বাংলাদেশ জাতীয় আয়ুর্বেদিক ফর্মূলারী।\n\nকার্যকারিতা :\nঅম্লনাশক, অম্লপিত্ত ও গ্রহনী ক্ষত প্রশমক।\n\nসেবন বিধি :\n১ - ২ টি ক্যাপসুল দৈনিক অথবা চিকিৎসকের পরামর্শ অনুযায়ী সেব্য।\n\nআলো থেকে দুরে ঠান্ডা ও শুষ্ক স্থানে রাখুন। সকল ঔষধ শিশুদের নাগালের বাহিরে রাখুন।",Ayurvedic,products/Dimacid.jpg
Dirute,,"<strong>Dirute</strong>\n\nComposition :\nEach 250 mg capsule contains\nRashsindur-35.71 mg\nLouha-35.71 mg\nBanga-35.71 mg\nOhifam-35.71 mg\nJaggadumur-35.71 mg\nand other ingredients\n\nRef. : Bangladesh National Ayurvedic Formulary.\n\nIndication : Diabetes ( Diabetes Insipidus ) remedy.\n\nDosage : Adult : 1 - 3 capsules daily or as directed by the physician.\n\nKeep in a cool, dry place &amp; away from children.\n\n<strong>ডাইরুট</strong>\n\nউপাদান :\nপ্রতিটি ২৫০ মি.গ্রা. ক্যাপসুলে রয়েছে\nরসসিন্দুর ৩৫.৭১ মি.গ্রা.\nলৌহ ৩৫.৭১ মি.গ্রা.\nবঙ্গ ১৭.২৪ মি.গ্রা.\nঅহিফেম ৩৫.৭১ মি.গ্রা.\nযজ্ঞডুমুর ৩৫.৭১ মি.গ্রা.\nএবং অন্যান্য উপাদান সমুহ\nসূত্র : বাংলাদেশ জাতীয় আয়ুর্বেদিক ফর্মূলারী।\n\nকার্যকারিতা : বহুমূত্র ( ডায়াবেটিস ইনসিপিডাস ) প্রশমক।\n\nসেবন বিধি : প্রাপ্ত বয়স্ক ঃ ১ - ৩ টি ক্যাপসুল দৈনিক অথবা চিকিৎসকের পরামর্শ অনুযায়ী সেব্য।\n\nআলো থেকে দুরে, ঠান্ডা ও শুষ্ক স্থানে এবং শিশুদের নাগালের বাইরে রাখুন।",Ayurvedic,products/Dirute.jpg
Dycofex,"<strong>ডাইকোফেক্স</strong>\n\nমূল উপাদান :\nপ্রতি ৫ মি.লি. নির্যাসে রয়েছে\nবাসামূলত্বক ০.৬৮ গ্রাম\nপিপ্পলী ০.১৪ গ্রাম\nদ্রাক্ষা ০.১৪ গ্রাম\nহরীতকী ৭৩.২৪ মি.গ্রা.\nধাতকী ১.১৪ গ্রাম\nযষ্ঠিমধু ৬.৭৮ মি.গ্রা.\nও অন্যান্য উপাদান সমূহ\nসূত্র : বাংলাদেশ জাতীয় আয়ুর্বেদিক ফর্মূলারী।\n\nকার্যকারিতা :\nকফ, ফুসফুসজাত রোগ, হাঁপানী, শ্বাস ও শ্বাস যন্ত্রের সংক্রামন প্রশমক।\n\nসেবন বিধি :\nপ্রাপ্ত বয়স্ক : ১ - ২ চা চামচ ( ৫ - ১০ মি.লি.) ঔষধ দৈনিক ৩ বার।\nঅপ্রাপ্ত বয়স্ক : ১/২ - ১ চা চামচ (২.৫ - ৫ মি.লি.) ঔষধ দৈনিক ৩ বার অথবা চিকিৎসকের পরামর্শ অনুযায়ী সেব্য।\n\nসেবনের পূর্বে ভাল করে ঝাঁকিয়ে নিন। তলানী ও ভাসমান পদার্থ ভেষজ অংশ বিশেষ।  ঠান্ডা, শুষ্ক স্থানে ও শিশুদের নাগালের বাইরে রাখুন।","Dycofex\n\nPrinciple ingredients :\nEach 5ml contains\nAdhatoda vasica-0.68 gm\nPiper longum-0.14 gm\nVitis vinifera-0.14 gm\nTerminalia chebula-73.24 mg\nWoodfordia floribunda-1.14 gm\nGlycyrrhiza glabra-6.78 mg\nand other ingredients\n\nSource : Bangladesh National Ayurvedic Formulary.\n\nIndication :\nCough, Catarrh, Respiratory disease, Asthma and Trachea infection remedy.\n\nDosage :\nAdult : 1 - 2 tea spoonful ( 5 - 10 ml ) 3 times daily.\nChild : 1/2-1 tea spoonful ( 2.5 - 5 ml ) 3 times daily or as directed by the physician.\n\nShake well before use. Keep in a cool, dry place &amp; away from the reach of children.\n\n&nbsp;",Ayurvedic,products/Dycofex-packaging-01.jpg
Feverin-S,,Feverin-S,Ayurvedic,products/Feverin-S.jpg
Ginex-Plus,,Ginex-Plus,Herbal,products/Ginex-Plus.jpg
Harbocid,"<strong>হার্বোসিড</strong>\n\nসক্রিয় উপাদান :\nপ্রতি ৫ গ্রাম (১ টি স্যাচেট) এ রয়েছে\nজীড়া ০.৩৮ গ্রাম\nকৃষ্ঞজীরক ০.৩৮ গ্রাম\nযমানী ০.৩৮ গ্রাম\nএবং অন্যান্য উপাদান সমুহ\n\nসূত্র : বাংলাদেশ জাতীয় আয়ুর্বেদিক ফর্মূলারী।\n\nকার্যকারিতা :\nঅম্লপিত্ত, অম্লশূল, অন্নদ্রবশূল ও পরিনামশূল প্রশমক।\n\nসেবনবিধি :\nপ্রাপ্তবয়স্ক : ১ গ্লাস ঠান্ডা পানিতে ১ টি স্যাচেট ( ৫ গ্রাম একক মাত্রা )  ঢেলে নাড়ুন এবং পান করুন। দৈনিক ২ - ৩ বার অথবা চিকিৎসকের পরামর্শ\nঅনুযায়ী সেব্য।\n\nআলো থেকে দুরে, ঠান্ডা ও শুষ্ক স্থানে এবং সকল ঔষধ শিশুদের নাগালের বাইরে রাখুন।","<strong>HARBOCID</strong>\n\nComposition :\nEach 5 g (1 Sachet) contains\nCuminom cyminom-0.38 g\nNigella indica-0.38 g\nTrychisparmum amni-0.38 g\nand other ingredients\n\nRef. : Bangladesh National Ayurvedic Formulary.\n\nIndication : Hyper acidity, Colic, Indigestion and Duodenal ulcer remedy.\n\nDosage :\n\nAdult : 1 Sachet mixted with a glass of water, stair and drink, 2 - 3 times daily or as advised by the physician. Keep in a cool, dry place, away from light and Keep out of the reach of children.\n\n&nbsp;",Ayurvedic,products/Harbocid-Packaging-01.png
Hemobin,,"<strong>HEMOBIN</strong>\n\nPrincipal Ingredients :\nEach 5 ml contains\nFerrum - 36.76 mg\nTerminalia chebula -36.76 mg\nTerminalia bellirica -36.76 mg\nEmblica officinalis -36.76 mg\nTrachyspermum emmi -36.76 mg\nCyprus rotundus -36.76 mg\nPlumbago zeylanica -36.76 mg\nZingiber officinalis -36.76 mg\nand other ingredients\n\nRef : Bangladesh National Ayurvedic Formulary\n\nIndication :\nDigestive, Blood forming, Anemea, Oedema, Spleen enlargement Loss of appetite and Chronic Fever remedy.\n\nDosage :\nAdult : 2-4 teaspoonful with equal quantity water 2-3 times daily\nChildren : 1/2 - 1 teaspoonful with equal quantity water 2 - 3 times daily or as directed by the physician.\n\nKeep in a cool dry place and away from the reach of children.\n\n<strong>হিমোবিন</strong>\n\nমূল উপাদান :\nপ্রতি ৫ মি.লি. তে আছে\nফেরাম ৩৬.৭৬ মি.গ্রা.\nহরীতকী ৩৬.৭৬ মি.গ্রা.\nবহেরা ৩৬.৭৬ মি.গ্রা.\nআমলকী ৩৬.৭৬ মি.গ্রা.\nযমানী ৩৬.৭৬ মি.গ্রা.\nমুথা ৩৬.৭৬ মি.গ্রা.\nচিতামূল ৩৬.৭৬ মি.গ্রা.\nআদা ৩৬.৭৬ মি.গ্রা.\nএবং অন্যান্য উপাদান সমুহ\n\nসূত্র : বাংলাদেশ জাতীয় আয়ুর্বেদিক ফর্মূলারী।\n\nকার্যকারিতা :\nহজমীকারক, রক্তবর্ধক, পান্ডু, শোথ, প্লীহাবৃদ্ধি, অরোচক ও জীর্নজ্বর প্রশমক।\n\nসেবন বিধি :\nপ্রাপ্ত বয়স্ক : প্রত্যহ ২ - ৪ চা চামচ ঔষধ সমপরিমাণ পানি সহ ২ - ৩ বার\nশিশু : প্রত্যহ ১/২ - ১ চা চামচ ঔষধ সমপরিমাণ পানি সহ ২ - ৩ বার অথবা চিকিৎসকের পরামর্শ অনুযায়ী সেব্য।\n\nআলো থেকে দুরে, ঠান্ডা ও শুষ্ক স্থানে রাখুন। সকল ঔষধ শিশুদের নাগালের বাহিরে রাখুন।",Ayurvedic,products/Hemobin.jpg
Hepasil,,"Hepasil\n\nComposition :\nEach capsule contains Silymarin     70 mg\n\nRef : PDR for Herbal Medicines 3rd Edition.\n\nIndications :\nHepatitis &amp; Jaundice. Alcoholic and toxic Liver damage and Hepatic cirrhosis etc.\n\nDosages :\n1 - 2 capsules 3 - 4 times daily or as directed by the physician.\n\nKeep in a cool, dry place &amp; away from light. Keep out of the reach of children.\n\nহেপাসিল\n\nউপাদান :\nপ্রতিটি ক্যাপসুলে আছে সিলিমারিন ৭০ মি.গ্রা.\nসূত্র : পি ডি আর - হার্বাল মেডিসিন ৩য় সংস্করন।\n\nকর্যকারিতা :\nযকৃত রোগ ও জন্ডিস। মদ্যপান ও বিষক্রিয়া জনিত লিভারের গোলযোগ। যকৃত শুষ্কতা।\n\nসেবন বিধি :\n১-২ টি ক্যাপসুল দৈনিক ৩-৪ বার অথবা চিকিৎসকের পরামর্শ অনুযায়ী সেব্য।\n\nআলো থেকে দুরে ঠান্ডা ও শুষ্ক স্থানে রাখুন। শিশুদের নাগালের বাইরে রাখুন।",Herbal,products/Hepasil.jpg
Heptaliv,,"<strong>Heptaliv</strong>\n\nPrincipal Ingredients :\nEach 5 ml extract contains\nAphanamixis polystachya-1.52 gm\nWoodfordia floribunda-0.24 gm\nPiper longum-15.24 mg\nZingiber officinale-15.24 mg\nTrifala-45.73 mg\nand other ingredients\n\nRef : Bangladesh National Ayurvedic Formulary.\n\nIndication :\nSpleen, Liver, Stomach disease. Dyspepsia, Jaundice, Oedema and Anorexia remedy\n\nDosage : Adult : 2-4 teaspoonful with water 2-3 times daily after meal.\nChildren : 1-2 teaspoonful with water 2-3 times daily after meal or as directed by the physician.\n\nShake the bottle well before use. Keep in a cool, dry place &amp; protect from light Keep away from the reach of children.\n\n<strong>হেপটালিভ</strong>\n\nমূল উপাদান :\nপ্রতি ৫ মি. লি. নির্যাস এ আছে\nরোহিতক ১.৫২ গ্রাম\nধাতকী ০.২৪ গ্রাম\nপিপ্পলী ১৫.২৪ মি.গ্রা.\nশুন্ঠী ১৫.২৪ মি.গ্রা.\nত্রিফলা মিলিত ৪৫.৭৩ মি.গ্রা.\nএবং অন্যান্য উপাদান সমুহ\n\nসূত্র : বাংলাদেশ জাতীয় আয়ুর্বেদিক ফর্মূলারী।\n\nকার্যকারিতা :\nপ্লীহা, যকৃৎ, উদর, গ্রহনী, কামলা, শোথ ও অরুচি প্রশমক।\n\nসেবনবিধি :\nপূর্ণ বয়স্ক : ২ - ৪ চা চামচ ঔষধ সমপরিমাণ পানি সহ আহারের পর প্রত্যহ ২ - ৩ বার।\nশিশু : ১ - ২ চা চামচ ঔষধ সমপরিমাণ পানি সহ আহারের পর প্রত্যহ ২ - ৩ বার অথবা চিকিৎসকের পরামর্শ অনুযায়ী সেব্য।\n\nআলো থেকে দুরে, ঠান্ডা ও শুষ্ক জায়গায় রাখুন। সেবনের পূর্বে বোতল ভালভাবে ঝাঁকিয়ে নিন। তলানী ও ভাসমান পদার্থ ভেষজের অংশ বিশেষ।",Ayurvedic,products/Heptaliv.jpg
Hojmi,,Hojmi,Ayurvedic,products/Hojmi.jpg
Hormodin,,"<strong>HORMODIN</strong>\n\nComposition : Each 250 mg capsule contains\nAnacyclus perethrom-20 mg\nZingiber officinale-20 mg\nMyristica fragrans-20 mg\nCrocus sativus-20 mg\nSyzygium aromaticum-20 mg\nand other ingredients\n\nRef : Bangladesh National Ayruvedic Formulary\n\nIndication :\nPrevents pre-mature ejaculation, nightmare and increases sexual desire.\n\nDosage :\n1- 2 Capsule to be taken daily with milk or as directed by the physician.\n\n<strong>হরমোডিন</strong>\n\nউপাদান :\nপ্রতি ২৫০ মিঃ গ্রাঃ ক্যাপসুলে আছে\nআকরকরা ২০ মি. গ্রা.\nআদাশুঁঠ ২০ মি. গ্রা.\nজায়ফল ২০ মি. গ্রা.\nকুঙ্কুম ২০ মি. গ্রা.\nলবঙ্গ ২০ মি. গ্রা.\nএবং অন্যান্য উপাদান সমূহ\nসুত্র : বাংলাদেশ জাতীয় আয়ুর্বেদিক ফর্মূলারী।\n\nকার্যকারিতা :\nবীর্যস্তম্ভক, দ্রুতস্খলন রোধক, রতি সম্পাদক ও স্বপ্নদোষ প্রশমক।\n\nসেবন বিধি  :  প্রত্যহ ১ - ২ ক্যাপসুল দুধ সহ অথবা  চিকিৎসকের পরামর্শ অনুযায়ী সেব্য।\n\nঠান্ডা ও শুষ্ক স্থানে এবং শিশুদের নাগালের বাইরে রাখুন।",Ayurvedic,products/Hormodin.jpg
Infuza,,"Infuza\n\nComposition :\nEach Capsule contains Echinaceae 450 mg (Echinaceae pallida)\n\nRef. : PDR for Herbal Medicines.\n\nIndications :\nAll kinds of Fever &amp; Cold.\n\nDosage :\nAdult : 1 - 2 Capsules daily\nChildren : 1 Capsule daily or as directed by the physician.\n\nKeep in a cool, dry place &amp; away from light. Keep out of the reach of children.\n\nইনফুজা\n\nউপাদান :\nপ্রতিটি ক্যাপসুলে রয়েছে ইচিনাসিয়া\n৪৫০ মি.গ্রা. (ইচিনাসিয়া প্যাল্লিডা)\n\nসূত্র : পি ডি আর - হার্বাল মেডিসিন।\n\nকার্যকারিতা : সর্ববিধ জ্বর ও ঠান্ডা।\n\nসেবনবিধি :\nপ্রাপ্ত বয়স্ক : ১-২ টি ক্যাপসুল দৈনিক\nঅপ্রাপ্ত বয়স্ক : ১ টি ক্যাপসুল দৈনিক অথবা চিকিৎসকের পরামর্শ অনুযায়ী সেব্য।\n\nআলো থেকে দুরে ঠান্ডা ও শুষ্ক স্থানে রাখুন। শিশুদের নাগালের বাইরে রাখুন।",Herbal,products/Infuza.jpg
Laxacol,,"<strong>Laxacol</strong>\n\nComposition :\n\nEach sachet (single dose) contains Isabgul husk (Plantago ovata) powder 3.5 gm and other ingredients. and\n\nEach Pot (130 gm.) contains Isabgul husk ( Plantago ovata ) powder and other ingredients\n\nRef : PDR for Herbal Medicines (2nd Edition).\n\nIndication : Constipation and Hemorrhoids remedy. Chronic constipation, Inflammatory bowel disease, Irritable bowel syndrome, Anal fissures &amp; Post surgery, Appendicitis management. Shows full result by 24 hours to 2 - 3 days.\n\nDosage &amp; Administration :\n1 Sachet or 1 spoonfull with a glass of water 1 - 2 times daily or as advised by the physician. Keep in a cool, dry place &amp; away from children.\n\nল্যাক্সাকল\nউপাদান : প্রতিটি স্যাচেটে (একক মাত্রায়) রয়েছে ইসবগুল হাস্ক পাউডার ৩.৫ গ্রাম এবং <span style=""font-family: 'Vrinda','sans-serif';"">প্রতিটি</span> <span style=""font-size: 11.0pt; font-family: SutonnyMJ;"">c‡U</span> (<span style=""font-size: 11.0pt; font-family: SutonnyMJ;"">130 MÖvg</span>) <span style=""font-family: 'Vrinda','sans-serif';"">রয়েছে</span> <span style=""font-family: 'Vrinda','sans-serif';"">ইসবগুল</span> <span style=""font-family: 'Vrinda','sans-serif';"">হাস্ক</span> <span style=""font-family: 'Vrinda','sans-serif';"">পাউডার</span> এবং <span style=""font-family: 'Vrinda','sans-serif';"">আনুষাঙ্গীক</span> <span style=""font-family: 'Vrinda','sans-serif';"">উপাদান|</span>\n\nআনুষাঙ্গীক উপাদান\n\nসূত্র : পিডিআর হারবাল মেডিসিন (২য় সংস্করন)।\n\nকার্যকারিতা :\nকোষ্ঠকাঠিন্য ও অর্শ প্রশমক। দীর্ঘস্থায়ী কোষ্ঠকাঠিন্য, অন্ত্র প্রদাহ ও প্রদাহজনিত সংক্রমণ, এনাল ফিসার ও এ্যাপেন্ডিসাইটিস সার্জারী ব্যবস্থাপনায় বিরেচক হিসেবে এই ঔষধ ২৪ ঘন্টার মধ্যে মলের পরিমাণ বাড়াতে সক্ষম, তবে পুরো কার্যকারিতার জন্য ২ - ৩ দিন লাগতে পারে।\n\nসেবন বিধি :\nএকটি স্যাচেট বা ১ চামচ পাউডার ১ গ্লাস পানির সাথে মিশিয়ে দৈনিক ১-২ বার সেব্য অথবা চিকিৎসকের পরামর্শ অনুযায়ী সেব্য।\n\nআলো থেকে দুরে, ঠান্ডা ও শুষ্ক স্থানে এবং শিশুদের নাগালের বাইরে রাখুন।",Herbal,products/Laxacol.jpg
Meditone,,"Meditone\n\nComposition :\nEach 5ml contains extract of following materials\n<em>Withania somnifera</em>-0.37 gm\n<em>Robia cordifolia</em>-74.94 mg\n<em>Terminalia chebula</em>-74.94 mg\n<em>Curcuma longa</em> 74.94 mg\n<em>Berberis aristata</em>-74.94 mg\n<em>Acorus calamus</em>-59.95 mg\n<em>Cyperus rotundus</em>-74.94 mg\n<em>Santalum album</em>-59.95 mg\nand other ingredients.\n\nRef : Bangladesh National Ayurvedic Formulary.\n\nIndications : Energetic, Nutritious and General decay remedy.\n\nDosage :\nAdult  :  1 - 2 teaspoonful thrice daily\nChildren  :  1 teaspoonful thrice daily or as advised by the physician.\n\nShake the bottle well before each use. Keep in a cool, dry place &amp; protect from light. Keep away from the reach of children.\n\n<strong>মেডিটোন</strong>\nউপাদান :\nপ্রতি ৫ মি.লি. তে রয়েছে নিম্নলিখিত উপাদান গুলির নির্যাস\nঅশ্বগন্ধা ০.৩৭ গ্রাম\nমঞ্জিষ্ঠা ৭৪.৯৪ মি.গ্রা.\nহরিতকী ৭৪.৯৪ মি.গ্রা.\nহরিদ্রা ৭৪.৯৪ মি.গ্রা.\nদারুহরিদ্রা ৭৪.৯৪ মি.গ্রা.\nবচ ৫৯.৯৫ মি.গ্রা.\nমুতা ৭৪.৯৪ মি.গ্রা.\nশ্বেত চন্দন ৫৯.৯৫ মি.গ্রা.\nএবং অন্যান্য উপাদান।\nসূত্র : বাংলাদেশ জাতীয় আয়ুর্বেদিক ফর্মূলারী।\n\nকার্যকারিতা :\nশক্তি বর্ধক, পুষ্টিকারক এবং সাধারণ দুর্বলতা প্রশমক।\n\nসেবনবিধি :\nপ্রাপ্ত বয়স্ক : ১ - ২ চা চামচ করে দিনে ৩ বার। অপ্রাপ্ত বয়স্ক : ১ চা চামচ করে দিনে ৩ বার অথবা চিকিৎসকের পরামর্শ অনুযায়ী সেব্য।\n\nব্যবহারের পূর্বে বোতল ভালভাবে ঝাঁকিয়ে নিন। আলো থেকে দুরে, ঠান্ডা ও শুষ্ক স্থানে এবং শিশুদের নাগালের বাহিরে রাখুন।",Ayurvedic,products/Meditone.jpg
Menestru-6,,"<strong>Menestru-6</strong>\n\nComposition :\nEach 250 mg capsule contains\nRashasindur-41.67 mg\nSohaga-41.67 mg\nHirakas-41.67 mg\nMusabbar-41.67 mg\nJobakhar-41.67 mg\nand other ingredients\n\nRef. Bangladesh NationalAyurvedic Formulary.\n\nIndication : Amenorrhoea, Dysmenorrhoea, Delayed menstruation and Obstructive Menstruation remedy.\n\nDosage :\n\nAdult : 1 - 3 capsules daily or as directed by the physician.\n\n<strong>মেনেস্ট্রো-৬</strong>\n\nমূল উপাদান\nপ্রতিটি ২৫০ মি.গ্রা. ক্যাপসুলে রয়েছে\nরসসিন্দুর ৪১.৬৭ মি.গ্রা.\nসোহাগা ৪১.৬৭ মি.গ্রা.\nহীরাকস ৪১.৬৭ মি.গ্রা.\nমুসব্বর ৪১.৬৭ মি.গ্রা.\nযবক্ষার ৪১.৬৭ মি.গ্রা.\nএবং অন্যান্য উপাদান সমুহ\nসূত্র : বাংলাদেশ জাতীয় আয়ুর্বেদিক ফর্মূলারী।\n\nকার্যকারিতা : রজোরোধ, বিলম্বরজ ও কষ্টরজঃ প্রশমক।\n\nসেবন বিধি :\nপ্রাপ্ত বয়স্ক : ১ - ৩ টি ক্যাপসুল দৈনিক অথবা চিকিৎসকের পরামর্শ অনুযায়ী সেব্য।\n\nআলো থেকে দুরে, ঠান্ডা ও শুষ্ক স্থানে এবং শিশুদের নাগালের বাইরে রাখুন।",Ayurvedic,products/Menestru-6.jpg
Multivit-S,,"Multivit-S\n\nComposition :\nEach 250 mg capsule\nContains Swarnasindur  52.63 mg\nRashsindur-13.16 mg\nSwarna -26.32 mg\nBanga-13.26 mg\nMukta-13.26 mg\nKantalouha-13.26 mg\nRouppa-13.26 mg\nand other ingredients\nRef. Bangladesh National Ayurvedic Formulary.\n\nIndication :\nIdeal elixir, Aphrodisiac, and tonic for vital force of body &amp; mind.\n\nDosage :\n1 - 2 capsules daily or as directed by the physician.\n\nKeep in a cool, dry place &amp; away from children.\n\nমাল্টিভিট-এস\n\nমূল উপাদান\nপ্রতিটি ২৫০ মি.গ্রা. ক্যাপসুলে রয়েছে\nস্বর্ণসিন্দুর ৫২.৬৩ মি.গ্রা.\nরসসিন্দুর ১৩.১৬ মি.গ্রা.\nস্বর্ণ ২৬.৩২ মি.গ্রা.\nবঙ্গ ১৩.২৬ মি.গ্রা.\nমুক্তা ১৩.২৬ মি.গ্রা.\nকান্তলৌহ ১৩.২৬ মি.গ্রা.\nরৌপ্য ১৩.২৬ মি.গ্রা.\nএবং অন্যান্য উপাদান সমুহ\n\nসূত্র : বাংলাদেশ জাতীয় আয়ুর্বেদিক ফর্মূলারী।\n\nকার্যকারিতা : উৎকৃষ্ট রসায়ন, পরম বাজীকরন এবং অনুপান বিশেষে বিশেষ বিশেষ রোগ প্রশমক।\n\nসেবন বিধি :\n১ - ২ টি ক্যাপসুল দৈনিক অথবা চিকিৎসকের পরামর্শ অনুযায়ী সেব্য।\n\nআলো থেকে দুরে ঠান্ডা ও শুষ্ক স্থানে এবং শিশুদের নাগালের বাইরে রাখুন।",Ayurvedic,products/Multivit-S.jpg
Neolectin,,"Neolectin\n\nComposition :\nEach 250 mg tablet contains\nFerrum 9.62 mg\nMica biotite-9.62 mg\nCuprum -9.62 mg\nBaratak -9.62 mg\nOrpiment-9.62 mg\nStannum-9.62 mg\nConch-9.62 mg\nand other ingredients\n\nRef. : Bangladesh National Ayurvedic Formulary.\n\nIndication : Leucorrhoea, Menorrhagia &amp; Various colour discharge, Sciatica reliever and Energetic.\n\nDosage :\n1- 4 tablet 2-3 times daily after meal or as directed by the physician.\n\nKeep in a dry, cool place and away from the reach of children\n\nনিওলেকটিন\n\nউপাদান : প্রতি ২৫০ মি.গ্রা. ট্যাবলেটে রয়েছে\nলৌহ ৯.৬২ মি.গ্রা.\nঅভ্র ৯.৬২ মি.গ্রা.\nতাম্র ৯.৬২ মি.গ্রা.\nবরাটক ৯.৬২ মি.গ্রা.\nহরিতাল ৯.৬২ মি.গ্রা.\nবঙ্গ ৯.৬২ মি.গ্রা.\nশংখ ৯.৬২ মি.গ্রা.\nএবং অন্যান্য উপাদান সমুহ\nসূত্র : বাংলাদেশ জাতীয় আয়ুর্বেদিক ফর্মূলারী।\n\nকার্যকারিতা :\nশ্বেতপ্রদর, রক্তপ্রদর, নানাবর্ণের স্রাব কটীশূল ও কুক্ষিশূল প্রশমক। বল ও বর্ণ প্রসাদক।\n\nসেবন বিধি :\n১-৪ টি ট্যাবলেট আহারের পর দৈনিক ২-৩ বার অথবা চিকিৎসকের পরামর্শ অনুযায়ী সেব্য।\n\nআলো থেকে দুরে ঠান্ডা ও শুষ্ক স্থানে এবং শিশুদের নাগালের বাইরে রাখুন।",Ayurvedic,products/Neolectin.jpg
Nimplex,,"Nimplex\n\nPrincipal Ingredients :\nEach 5 ml extract contains\nEmblica officinalis-0.08 gm\nAphanamixis polystachya-0.08 gm\nFoeniculum vulgare-15.63 mg\nRheum emodi -0.08 gm\nPedalium murex-0.08 gm\nAndrographis paniculata -0.08 gm\nCurcuma longa -0.08 gm\nHemidesmus indicus -0.08 gm\nBerberis asiatica -0.08 gm\nPicrorhiza kurroa -0.08 gm\nAzadirachta indica -0.08 gm\nTinospora cardifolia -0.08 gm\nTerminalia chebula -0.08 gm\nand other ingredients\n\nRef. : Bngladesh National Ayurvedic Formulary.\n\nIndication : Septicemia, Scabis, Impetigo, Boils, Carbuncles, Fungul infection, Gonorrhoea, Syphilis, Sexual disability, Pre-mature ejaculation, Jaundice, Biliary infection, Spermatorrhoea, Leucorrhoea, Acne and Gout remedy. Brings Joyful mind and lovely appearance.\n\nDosage :\nAdult : 2-4 teaspoonful with water after meal thrice daily\nChildren : 1/2 - 1 teaspoonful with water after meal thrice daily or as directed by the physician.\n\nShake the bottle well before each use. Keep in a cool, dry place and away from the reach of children.\n\n<strong>নিমপ্লেক্স</strong>\n\nমূল উপাদান :\nপ্রতি ৫ মি.লি. নির্যাসে আছে\nআমলকী ০.০৮ গ্রাম\nরোহিতক ০.০৮ গ্রাম\nমৌরী ১৫.৬৩ মি. গ্রা.\nরেউচিনি ০.০৮ গ্রাম\nগক্ষুর ০.০৮ গ্রাম\nকালোমেঘ ০.০৮ গ্রাম\nহরিদ্রা ০.০৮ গ্রাম\nঅনন্তমূল ০.০৮ গ্রাম\nদারুহরিদ্রা ০.০৮ গ্রাম\nকটকি ০.০৮ গ্রাম\nনিম ০.০৮ গ্রাম\nগুরুচী ০.০৮ গ্রাম\nহরীতকী ০.০৮ গ্রাম\nএবং অন্যান্য উপাদান সমুহ\n\nসূত্র : বাংলাদেশ জাতীয় আয়ুর্বেদিক ফর্মূলারী।\n\nকার্যকারিতা : উৎকৃষ্ট রক্ত পরিস্কারক রসায়ন, রক্তদোষ জনিত রোগ, চর্ম রোগ, যৌন রোগ, প্রমেহ, প্রদর, যকৃত রোগ, পিত্তদুষ্টি, ব্রণ ও বাত বেদনা প্রশমক। বলবীর্য ও কান্তি বর্ধক পরম রসায়ন।\n\nসেবন বিধি : প্রাপ্ত বয়স্ক : ২ - ৪ চা চামচ সমপরিমাণ পানি সহ আহারের পর প্রত্যহ ৩ বার\nশিশু : ১/২-১ চা চামচ সমপরিমাণ পানি সহ আহারের পর প্রত্যহ ৩ বার অথবা চিকিৎসকের পরামর্শ অনুযায়ী সেব্য।\n\nসেবনের পূর্বে বোতল ভাল ভাবে ঝাঁকিয়ে নিন। আলো থেকে দূরে, ঠান্ডা ও শুষ্ক স্থানে এবং শিশুদের নাগালের বাইরে রাখুন। তলানী ও ভাসমান পদার্থ ভেষজের অংশ বিশেষ।",Ayurvedic,products/Nimplex.jpg
Orexis,,"OREXIS\n\nComposition :\nEach 500 mg tablet contains extract of\nWithania somnifera-25 mg\nMucuna prurita-50 mg\nCinnamomum zeylanicum-25 mg\nand other ingredients\n\nRef : Bangladesh National Ayurvedic Formulary.\n\nIndication : Aphrodisiac and maintain coitus duration.\n\nDosage :\nAdult : 1 - 3 tablets after meal twice daily or as directed by the physician.\n\nKeep in a cool dry place and away from the reach of children.\n\n<strong>ওরেক্সিস</strong>\n\nউপাদান :\nপ্রতিটি ৫০০ মি.গ্রা. ট্যাবলেটে নির্যাস আকারে রয়েছে\nঅশ্বগন্ধা ২৫ মি.গ্রা.\nআলকুশী ৫০ মি.গ্রা.\nদারুচিনি ২৫ মি.গ্রা.\nএবং অন্যান্য উপাদান সমুহ\n\nসূত্র : বাংলাদেশ জাতীয় আয়ুর্বেদিক ফর্মূলারী।\n\nকার্যকারিতা : রতিশক্তি বর্ধক ও রতি সম্ভোগের স্থায়িত্ব সম্পাদক।\n\nসেবন বিধি : প্রাপ্ত বয়স্ক ঃ ১ - ৩ টি ট্যাবলেট আহারের পর দৈনিক ২ বার অথবা চিকিৎসকের পরামর্শ অনুযায়ী সেব্য।\n\nআলো থেকে দুরে ঠান্ডা ও শুষ্ক স্থানে রাখুন। সকল ঔষধ শিশুদের নাগালের বাহিরে রাখুন।",Ayurvedic,products/Orexis.jpg
Pacimol,,"Pacimol\n\nPrincipal ingredients :\nEach 250 mg capsule contains extract of\nLouha bhasma - 121.21 mg\nKojjali - 30.30 mg\nTriphola churna - 22.73 mg\nand other ingredients\n\nRef : Bangladesh National Ayurvedic Formulary\n\nIndication : Pyrexia and all kinds of fever remedy.\n\nDosage :\nAdult : 1 - 2 capsules daily after meal or as directed by the physician.\n\nKeep in a cool dry place and away from the reach of children.\n\n<strong>পেসিমল</strong>\n\nমূল উপাদান :\nপ্রতিটি ২৫০ মি.গ্রা. ক্যাপসুলে নির্যাস\nআকারে রয়েছে লৌহ ভষ্ম ১২১.২১ মি.গ্রা.\nকজ্জ্বলী ৩০.৩০ মি.গ্রা.\nত্রিফলা চূর্ণ ২২.৭৩ মি.গ্রা.\nও অন্যান্য উপাদান সমুহ\n\nসূত্র : বাংলাদেশ জাতীয় আয়ুর্বেদিক ফর্মূলারী।\n\nকার্যকারিতা :\nপাইরেক্সিয়া, বিষম জ্বর ও সর্বপ্রকার জ্বর প্রশমক।\n\nসেবন বিধি :\nপ্রাপ্ত বয়স্ক : ১ - ২ টি ক্যাপসুল দৈনিক আহারের পর অথবা চিকিৎসকের পরামর্শ অনুযায়ী সেব্য।\n\nআলো থেকে দুরে ঠান্ডা ও শুষ্ক স্থানে রাখুন। সকল ঔষধ শিশুদের নাগালের বাহিরে রাখুন।",Ayurvedic,products/Pacimol.jpg
Panging,,"Panging\n\nComposition :\nEach capsule contains Ginseng 500 mg (Panax ginseng extract)\n\nRef : PDR for Herbal Medicines 2nd Edition.\n\nIndications :\nAdaptogen &amp; general tonic, Aphrodisiac, Increase athletic performance. Enhancement of physical and mental power.\n\nDosage :\n1 Capsule 1 - 2 times a day or as directed by the physician.\n\nKeep in a cool, dry place &amp; away from light. Keep out of the reach of children.\n\nপেনজিং\nজিনসেং ৫০০ মি.গ্রা. ক্যাপ.\n\nউপাদান :\nপ্রতিটি ক্যাপসুলে আছে জিনসেং ৫০০ মি.গ্রা. (প্যানাক্স জিনসেং)\n\nসূত্র : পি ডি আর - হার্বাল মেডিসিন ২য় সংস্করন।\n\nকার্যকারিতা :\nকর্মউদ্দিপক, সাধারণ বলকারক, কামশক্তি বর্ধক, ক্রিয়া শক্তিকারক। শারীরিক ও মানসিক শক্তি বর্ধক।\n\nসেবন বিধি :\n১ টি করে ক্যাপসুল দৈনিক ১ - ২ বার অথবা চিকিৎসকের পরামর্শ অনুযায়ী সেব্য।\n\nআলো থেকে দুরে ঠান্ডা ও শুষ্ক স্থানে রাখুন। শিশুদের নাগালের বাইরে রাখুন।",Herbal,products/Penging.jpg
Power-30,,"<strong>POWER 30</strong>\n\nComposition :\nEach 500 mg. capsule contains\nCinnamomum camphora        21.28 mg.\nArgyreia speciosa                    21.28 mg.\nIpomoea digitata                     10.64 mg.\nMucuna prurita                       10.64 mg.\nand other ingredients.\n\nRef : Bangladesh National Ayurvedic Formulary.\n\nIndication : Aphrodisiac and maintain coitus duration. Also indicated in erectyle dysfunction\n\nDosage :\nAdult : 1 – 2 capsule after meal daily or as directed by the physician.\n\nKeep in a cool dry place and away from the reach of children.\n\nপাওয়ার-৩০\n\nউপাদান :\nপ্রতিটি ৫০০ মি.গ্রা. ক্যাপসুলে রয়েছে\nষ্ট্যানাম ২১.২৮ মি.গ্রা.\nকর্পূর ২১.২৮ মি.গ্রা.\nবৃদ্ধদারক ১০.৬৪ মি.গ্রা.\nভূঁইকুমড়া ১০.৬৪ মি.গ্রা.\nআলকুশী ১০.৬৪ মি.গ্রা.\nএবং অন্যান্য সহযোগী উপাদান।\nসূত্র : বাংলাদেশ জাতীয় আয়ুর্বেদিক ফর্মূলারী।\n\nকার্যকারিতা : শারীরিক দূর্বলতা, স্নায়ুবিক দূর্বলতা, যৌন দূর্বলতা, কামশক্তিহীনতা ও অঙ্গ শৈথিল্য প্রশমক এবং দ্রুত স্খলন রোধক।\n\nসেবন বিধি : ১ - ২ টি ক্যাপসুল দৈনিক উষ্ণ দুধ সহ অথবা চিকিৎসকের পরামর্শ অনুযায়ী সেব্য।\n\nআলো থেকে দুরে, ঠান্ডা ও শুষ্ক স্থানে এবং শিশুদের নাগালের বাহিরে রাখুন।",Ayurvedic,products/Power-30.jpg
Raja-Prabartini,,"Raja Prabartini\n\nIngredient :\nEach tablet contains extract of\nSohaga-62.50 mg\nHing-62.50 mg\nHirakas-62.50 mg\nMusabbar- 62.50 mg\nand other ingredients\n\nRef. : Bangladesh National Ayurvedic Formulary.\n\nIndication : Irregular menstruation, Menstrual obstracle and related pain remedy.\n\nDosage :\n1 - 3 tablet Daily or as directed by the physician.\n\nDo not use in pregnancy.\n\nKeep in a cool, dry place and away from children.\n\n<strong>রজঃ প্রবর্তিনী</strong>\n\nউপাদান :\nপ্রতিটি ট্যাবলেটে নির্যাস আকারে রয়েছে\nসোহাগা ৬২.৫০ মি.গ্রা.\nহিং ৬২.৫০ মি.গ্রা.\nহিরাকস ৬২.৫০ মি.গ্রা.\nমুসব্বর ৬২.৫০ মি.গ্রা.\nও অন্যান্য উপাদান সমুহ\n\nসূত্র : বাংলাদেশ জাতীয় আয়ুর্বেদিক ফর্মূলারী।\n\nকার্যকারিতা : অনিয়মিত ঋতুস্রাব, রজোরোধ ও তজ্জনিত বেদনা প্রশমক।\n\nসেবন বিধি :\nদৈনিক ১ - ৩ টি ট্যাবলেট অথবা চিকিৎসকের পরামর্শ অনুযায়ী সেব্য।\n\nগর্ভাবস্থায় সেবন নিষিদ্ধ।\n\nআলো থেকে দুরে ঠান্ডা ও শুষ্ক স্থানে এবং শিশুদের নাগালের বাইরে রাখুন।",Ayurvedic,products/Raja-Prabartini.jpg
Rheumatea,,"RHEUMATEA\n\nComposition :\nEach 250 mg capsule contains\nKazzali-34.48 mg\nMica biotite-17.24 mg\nFerrum-17.24 mg\nCuprum-17.24 mg\nBorax-17.24 mg\nand other ingredients\n\nRef. : Bangladesh National Ayurvedic Formulary.\n\nIndication : Gout, Arthritis, Rheumatism and Muscles dryness remedy.\n\nDosage :\nAdult : 1 - 4 capsules daily after meal or as directed by the physician.\n\nKeep in a cool, dry place &amp;  away from children.\n\nরিউমেটিয়া\n\nউপাদান :\nপ্রতি ২৫০ মি.গ্রা. ক্যাপসুলে রয়েছে\nকজ্জলী ৩৪.৪৮ মি.গ্রা.\nঅভ্র ১৭.২৪ মি.গ্রা.\nলৌহ ১৭.২৪ মি.গ্রা.\nতাম্র ১৭.২৪ মি.গ্রা.\nটংকন ১৭.২৪ মি.গ্রা.\nএবং অন্যান্য উপাদান সমুহ\nসূত্র : বাংলাদেশ জাতীয় আয়ুর্বেদিক ফর্মূলারী।\n\nকার্যকারিতা :\nআমবাত, উদরাময় জনিত আমবাত এবং বাতজনিত মাংস পেশীর শুষ্কতায় ফলপ্রদ।\n\nসেবন বিধি :\nপ্রাপ্ত বয়স্ক : ১ - ৪ টি ক্যাপসুল দৈনিক আহারের পর অথবা চিকিৎসকের পরামর্শ অনুযায়ী সেব্য।\n\nআলো থেকে দুরে ঠান্ডা ও শুষ্ক স্থানে এবং শিশুদের নাগালের বাইরে রাখুন।",Ayurvedic,products/Rheumatea.jpg
SB-Honey,,SB-Honey,Ayurvedic,products/SB-Honey.jpg
S-Fole,,"<strong>S-FOLE</strong>\n\nComposition :\nEach 500 mg capsule contains Zingiber officinale 50 mg\nPiper longum-50 mg\nPiper nigrum-50 mg\nTerminalia chebula-50 mg\nEmblica officinalis-50 mg\nTerminalia belerica-50 mg\nCyperus rotundus-50 mg\nCalcinet of ferrum-50 mg\nand other ingredients\n\nRef. Bangladesh National Ayurvedic Formulary.\n\nIndication :\nAnaemia, Jaundice, Spleen, Liver, Skin and Heart disease remedy.\n\nDosage : 1 - 2 capsules daily or as directed by the physician.\n\nKeep in a cool, dry place and away from the reach of children.\n\n<strong>এস-ফল</strong>\n\nমূল উপাদান :\nপ্রতিটি ৫০০ মি.গ্রা. ক্যাপসুলে রয়েছে\nশুন্ঠী ৫০ মি.গ্রা.\nপিপ্পলী ৫০ মি.গ্রা.\nমরিচ ৫০ মি.গ্রা.\nহরীতকী ৫০ মি.গ্রা.\nআমলকী ৫০ মি.গ্রা.\nবিভীতক ৫০ মি.গ্রা.\nমুস্তক ৫০ মি.গ্রা.\nলৌহ ভষ্ম ৫০ মি.গ্রা.\nএবং অন্যান্য উপাদান সমুহ\n\nসূত্র : বাংলাদেশ জাতীয় আয়ুর্বেদিক ফর্মূলারী।\n\nকার্যকারিতা :\nরক্তসল্পতা, জন্ডিস, প্লীহা, যকৃত, চর্মরোগ ও হৃদরোগ প্রশমক।\n\nসেবন বিধি :\n১ - ২ টি ক্যাপসুল দৈনিক অথবা চিকিৎসকের পরামর্শ অনুযায়ী সেব্য।\n\nআলো থেকে দুরে ঠান্ডা ও শুষ্ক স্থানে এবং শিশুদের নাগালের বাইরে রাখুন।",Ayurvedic,products/S-Fole.jpg
Silamex,,"<strong>Silamex</strong>\n\nComposition :\nEach 500 mg capsule contains\nKazzali-43.47 mg\nSulpher -21.73 mg\nSeseli diffusum-65.21 mg\nEmbelia ribes-86.95 mg\nNux vomica-130.42 mg\nButea frondosa-43.47 mg\nand other ingredients\n\nRef. : Bangladesh National Ayurvedic Formulary.\n\nIndication :\nRelieves worm and worm related disease.\n\nDosage : 1 - 2 Capsule single dose or as directed by the physician.\n\nKeep in a cool, dry place and away from children.\n\n<strong>সিলামেক্স\n</strong>উপাদান :\nপ্রতিটি ৫০০ মি.গ্রা. ক্যাপসুলে আছে\nকজ্জলী ৪৩.৪৭ মি.গ্রা.\nসালফার ২১.৭৩ মি.গ্রা.\nবনযমানী ৬৫.২১ মি.গ্রা.\nবিড়ঙ্গ ৮৬.৯৫ মি.গ্রা.\nকুঁচিলা ১৩০.৪২ মি.গ্রা.\nপলাশ ৪৩.৪৭ মি.গ্রা.\nএবং অন্যান্য উপাদান সমুহ\n\nসূত্র : বাংলাদেশ জাতীয় আয়ুর্বেদিক ফর্মূলারী।\n\nকার্যকারিতা :\nক্রিমি ও ক্রিমি জনিত রোগ প্রশমক।\n\nসেবন বিধি :\n১ - ২ টি ক্যাপসুল একক মাত্রায় অথবা চিকিৎসকের পরামর্শ অনুযায়ী সেব্য।\n\nআলো থেকে দুরে ঠান্ডা ও শুষ্ক স্থানে এবং শিশুদের নাগালের বাইরে রাখুন।",Ayurvedic,products/Silamex.jpg
Skibic,,"<strong>Skibic\n</strong>\n\nComposition : Each 10 g Ointment contains Marigold 4% (Calendulla officinalis)\n\nRef : PDR for Herbal Medicines.\n\nIndications :\nInflammation of the oral and pharyngeal mucosal, leg ulcers, chronic skin disease, wounds and burns.\n\nDirection for use :\nApply 2-3 times daily topically to the effected area or as directed by the physician.\n\nKeep in a cool, dry place &amp; away from light. Keep out of the reach of children.\n\nস্কিবিক\nউপাদান : প্রতি ১০ গ্রাম অয়েন্টমেন্ট এ রয়েছে মেরী গোল্ড ৪% (ক্যালেন্ডুলা অফিসিনালিস)\n\nসূত্র : পি ডি আর - হার্বাল মেডিসিন।\n\nকার্যকারিতা :\nমুখগহ্বর ও গলনালী প্রদাহ, ক্ষত, পায়ে ঘা, পুরাতন চর্মরোগ ও পোড়া ঘা জনিত ক্ষত প্রশমক।\n\nব্যবহার বিধি : আক্রান্ত স্থানে দৈনিক ২-৩ বার প্রলেপ দিতে হবে অথবা চিকিৎসকের পরামর্শ অনুযায়ী ব্যবহার যোগ্য।\n\nআলো থেকে দুরে ঠান্ডা ও শুষ্ক স্থানে রাখুন। শিশুদের নাগালের বাইরে রাখুন।",Herbal,products/Skibic.jpg
Skinex-S,,"<strong>Skinex-S</strong>\n\nComposition :\nEach 5 gm contains Vaseline-4.28 gm\nBorax-0.12 gm\nCamphor-0.12 gm\nVermilion-0.12 gm\nand other ingredients\n\nRef : Bangladesh National Ayurvedic Formulary\n\nIndication :\nItching, Ringworm and chronic skin disease remedy.\n\nUses :\nApply gently on the infected surface by finger tip/cotton bud twice daily or as directed by the physician.\n\nKeep in a cool dry place and protect from light. Keep out of the reach of children.\n\n<strong>স্কিনেক্স-এস</strong>\n\nউপাদান : প্রতি ৫ গ্রামে আছে\nভ্যাসলীন ৪.২৮ গ্রাম\nবোরাক্স ০.১২ গ্রাম\nকেম্ফর ০.১২ গ্রাম\nভারমিলিয়ন ০.১২ গ্রাম\nএবং অন্যান্য উপাদান সমুহ\n\nসূত্র : বাংলাদেশ জাতীয় আয়ুর্বেদিক ফর্মূলারী।\n\nকার্যকারিতা :\nচুলকানী, দাউদ এবং পুরাতন চর্ম রোগে বিশেষ ফলপ্রদ।\n\nব্যবহার বিধি ঃ দৈনিক দুই বার আক্রান্ত  স্থানে আঙ্গুল / তুলায় নিয়ে ব্যবহার্য অথবা চিকিৎসকের পরামর্শ অনুযায়ী।",Ayurvedic,products/Skinex-S.jpg
Vasaka-S,,"<strong>Vasaka-S</strong>\n\nComposition : Each 5 ml extracts contains the following materials\nAdhatoda vasica-0.42 gm\nSolanum xanthocarpum-0.42 gm\nTinospora cordifolia-0.42 gm\nand other ingredients\n\nRef : Bangladesh National Ayurvedic Formulary.\n\nINDICATION :\nCough, Bronchitis and Cardiac Asthma remedy.\n\nDOSAGE :\nAdult : 2-4 tea spoonful three times daily\nChild : 1-2 tea spoonful three times daily after meal or as directed by the physician.\n\nShake the bottle well before each use. Keep in a cool, dry place and away from the reach of children.\n\n<strong>বাসকা-এস</strong>\n\nউপাদান : প্রতি ৫ মি.লি. নির্যাসে রয়েছে\nনিুলিখিত উপাদান সমুহ\nবাসক ০.৪২ গ্রাম\nকণ্টকারী ০.৪২ গ্রাম\nগুরুচী ০.৪২ গ্রাম\nএবং অন্যান্য উপাদান সমুহ\nসূত্র : বাংলাদেশ জাতীয় আয়ুর্বেদিক ফমূলারী।\n\nকার্যকারিতা : কাস, ব্রংকাইটিস ও কার্ডিয়াক এ্যাজমা প্রশমক।\n\nসেবন বিধি :\nবয়স্ক : ২ - ৪ চা চামচ প্রত্যহ তিনবার\nশিশু : ১-২ চা চামচ প্রত্যহ তিনবার আহারের পর অথবা চিকিৎসকের পরামর্শ অনুযায়ী সেব্য।\n\nব্যবহারের পূর্বে বোতল উত্তমরূপে ঝাঁকিয়ে নিন। আলো থেকে দুরে, ঠান্ডা ও শুষ্ক স্থানে এবং শিশুদের নাগালের বাহিরে রাখুন।",Ayurvedic,products/Vasaka-S.jpg
X-Man,,"<strong>X-man</strong>\n\nComposition : Each 5 g contains\nWithania roots-3.52 g\nSida-cordifolia roots-3.52 g\nAgelemarmelos roots-0.35 g\nCuscuta reflexa roots-0.35 g\nGamelina arboria roots-0.35 g\nand other ingredients\n\nRef. : Bangladesh National Ayurvedic Formulary.\n\nIndication : Chronic arthritis and Organ debility remedy.\n\nDirection for use :\nApply 2-3 times daily topically to the affected area or as directed by the physician.\n\nKeep in a cool, dry place and out of the reach of children.\n\n<strong>এক্স-ম্যান</strong>\n\nউপাদান : প্রতি ৫ গ্রামে আছে\nঅশ্বগন্ধা মূল ৩.৫২ গ্রাম\nবলা মূল ৩.৫২ গ্রাম\nবিল্ব মূল ০.৩৫ গ্রাম\nশ্যানা মূল ০.৩৫ গ্রাম\nগাম্ভারী মূল ০.৩৫ গ্রাম\nএবং অন্যান্য উপাদান সমুহ\n\nসূত্র : বাংলাদেশ জাতীয় আয়ুর্বেদিক ফর্মূলারী।\n\nকার্যকারিতা : পুরাতন বাতরোগ ও ইন্দ্রিয় শৈথিল্য প্রশমক।\n\nব্যবহার বিধি :\nআক্রান্ত স্থানে দৈনিক ২ - ৩ বার বাহ্যিক প্রলেপ দিতে হবে অথবা চিকিৎসকের পরামর্শ অনুযায়ী ব্যবহার যোগ্য।\n\nআলো থেকে দুরে, ঠান্ডা ও শুষ্ক স্থানে রাখুন। শিশুদের নাগালের বাইরে রাখুন।",Ayurvedic,products/X-Man.jpg
"Coxidant® Capsule: Flourishing Fertility, Helping Hearts",,"&nbsp;\n\n<strong>Introduction to Coxidant®</strong>\n\nCoxidant® is a trusted companion for heart health and overall well-being, harnessing the power of Coenzyme Q10 (CoQ10) to promote vitality and optimal health. Each Coxidant® Capsule contains 100 mg of Coenzyme Q10.\n\n<strong>What is Coenzyme Q10 (CoQ10)?</strong>\n<p style=""text-align: left;"">Coenzyme Q10, or CoQ10, is a naturally occurring compound in the body that plays a critical role in energy production within the cells. It also functions as a powerful antioxidant, protecting cells from damage caused by free radicals.</p>\n<strong>Key Benefits of Coxidant®</strong>\n\nCoxidant® is expertly formulated to unlock the potential of CoQ10 for well-being. Here are some of the key advantages:\n\nHeart Health: CoQ10 supports cardiovascular health by promoting healthy blood pressure, cholesterol levels, and overall heart function.\n\nFemale infertility: Specially for poor ovarian reserve and PCOS.\n\nEnergy Production: CoQ10 plays a crucial role in energy production at the cellular level, enhancing vitality and endurance.\n\nAntioxidant Protection: Coxidant® is rich in antioxidants, which help combat oxidative stress and cellular damage, promoting overall health.\n\nCellular Renewal: CoQ10 may support the regeneration of cells, aiding in the repair and maintenance of tissues throughout the body.\n\n<strong>How to Use Coxidant®</strong>\n\nDosage: Take one Coxidant® capsule twice daily with a meal or as directed by your healthcare professional.\n\n&nbsp;\n\n&nbsp;",Herbal,products/coxidant-web-removebg-preview.jpg
Lactobiotic® Capsule: Digestive Wellness Companion,,"&nbsp;\n\n<strong>Introduction to Lactobiotic®</strong>\n\nLactobiotic® is a trusted partner in promoting digestive well-being, harnessing the power of probiotics to support a balanced gut microbiome and overall health. Each Lactobiotic® Capsule contains <em>Lactobacillus acidophilus</em> 2 billion, <em>Lactobacillus bulgaricus</em> 1 billion, and <em>Bifidobacterium bifidum</em> 1 billion.\n\n<strong>What are Probiotics?</strong>\n\nProbiotics are beneficial live bacteria and yeasts that are good for the digestive system. They are often referred to as ""friendly"" or ""good"" bacteria because they help maintain a healthy balance of microbes in the gut.\n\n<strong>Key Benefits of Lactobiotic®</strong>\n\nLactobiotic® is expertly formulated to unlock the potential of probiotics for digestive well-being. Here are some of the key advantages:\n\nBalanced Gut Microbiome: Lactobiotic® promotes a balanced gut microbiome by introducing beneficial bacteria to the digestive system, helping to maintain harmony and digestive health.\n\nImproved Digestion: Probiotics support the breakdown and absorption of nutrients in the digestive tract, aiding in more efficient digestion.\n\nImmune Support: A healthy gut is linked to a strong immune system. Lactobiotic® may help support the body's natural defense mechanisms.\n\nGI Comfort: Lactobiotic® may help alleviate occasional gastrointestinal discomfort and promote regular bowel movements.\n\n<strong>How to Use Lactobiotic®</strong>\n\nDosage: Take one Lactobiotic® capsule twice daily with a meal or as directed by your healthcare professional.",Herbal,products/Lactobiotic-web-removebg-preview.jpg
